YEAR;MO;DY;HR;T;Po;P;Pa;U;DD;Ff;ff10;ff3;N;WW;W1;W2;Tn;Tx;Cl;Nh;H;Cm;Ch;VV;Td;RRR;tR;E;Tg;E';sss
2023;2;25;2;-12.5;727.9;773.8;-1.2;69;0;2;;;0;0;;;;;;;;;;;-17.1;;;;;;
2023;2;25;5;-13.6;726.7;772.8;-1.2;70;0;4;;10.0;0;0;;;;;;;;;;;-17.9;;;;;;
2023;2;25;8;-13.9;725.7;771.7;-1.0;70;0;4;;10.0;0;0;;;-14.1;;0.0;0.0;0.0;0.0;0.0;50.0;-18.2;0.0;12.0;;;0.0;38.0
2023;2;25;11;-9.5;724.9;770.2;-0.8;57;0;5;;;0;0;;;;;;;;;;50.0;-16.6;;;;;;
2023;2;25;14;-2.9;723.4;767.3;-1.5;42;0;4;;;0;0;;;;;;;;;;50.0;-14.0;;;;;;
2023;2;25;17;-3.0;722.2;766.1;-1.2;46;0;3;;;0;0;;;;;;;;;;50.0;-13.1;;;;;;
2023;2;25;20;-9.1;721.7;766.6;-0.5;66;0;3;;;0;0;;;;-1.6;0.0;0.0;0.0;0.0;0.0;;-14.4;0.0;12.0;;;;
2023;2;25;23;-9.3;720.7;765.5;-1.0;67;0;4;;;0;0;;;;;0.0;0.0;0.0;0.0;0.0;;-14.3;;;;;;
2023;2;26;2;-9.8;719.4;764.3;-1.3;69;0;4;;10.0;0;0;;;;;0.0;0.0;0.0;0.0;0.0;;-14.5;;;;;;
2023;2;26;5;-10.2;719.6;764.6;0.2;68;0;3;;;0;0;;;;;0.0;0.0;0.0;0.0;0.0;;-15.1;;;;;;
2023;2;26;8;-10.8;722.4;767.7;2.8;72;0;0;;;0;0;;;-11.5;;0.0;0.0;0.0;0.0;0.0;20.0;-15.0;0.0;12.0;;;0.0;38.0
2023;2;26;11;-5.6;723.7;768.1;1.3;55;0;0;;;0;0;;;;;0.0;0.0;0.0;0.0;0.0;20.0;-13.3;;;;;;
2023;2;26;14;-1.3;724.5;768.2;0.8;60;0;2;;;0;0;;;;;0.0;0.0;0.0;;;20.0;-8.1;;;;;;
2023;2;26;17;-2.3;726.3;770.3;1.8;90;0;3;;;0;0;0.0;0.0;;;0.0;0.0;0.0;;;1.0;-3.7;;;;;;
2023;2;26;20;-3.1;728.5;772.7;2.2;90;0;4;;;0;0;0.0;0.0;;-1.1;0.0;0.0;0.0;;;;-4.5;0.0;12.0;;;;
2023;2;26;23;-4.0;730.6;775.1;2.1;79;0;3;;;0;0;0.0;0.0;;;0.0;0.0;0.0;0.0;0.0;;-7.2;;;;;;
2023;2;27;2;-5.2;732.3;777.2;1.7;68;0;3;;;0;0;0.0;0.0;;;0.0;0.0;0.0;;;;-10.2;;;;;;
2023;2;27;5;-6.9;733.6;778.9;1.3;63;0;3;;;0;0;;;;;0.0;0.0;0.0;0.0;0.0;;-12.8;;;;;;
2023;2;27;8;-10.2;734.6;780.5;1.0;73;0;1;;;0;0;;;-10.2;;0.0;0.0;0.0;0.0;0.0;20.0;-14.2;0.0;12.0;;;0.0;41.0
2023;2;27;11;-6.1;735.2;780.4;0.6;53;0;2;;;0;0;;;-10.3;;0.0;0.0;0.0;0.0;0.0;50.0;-14.3;;;;;;
2023;2;27;14;-3.7;733.8;778.6;-1.4;39;0;1;;;0;0;;;;;0.0;0.0;0.0;0.0;0.0;50.0;-15.9;;;;;;
2023;2;27;17;-4.6;732.3;777.1;-1.5;43;0;2;;;0;0;;;;;0.0;0.0;0.0;0.0;0.0;50.0;-15.3;;;;;;
2023;2;27;20;-5.6;731.7;776.6;-0.6;50;0;1;;;0;0;;;;-1.9;0.0;0.0;0.0;0.0;;;-14.5;0.0;12.0;;;;
2023;2;27;23;-7.0;731.5;776.7;-0.2;57;0;2;;;0;0;;;;;0.0;0.0;0.0;0.0;;;-14.2;;;;;;
2023;2;28;2;-8.8;731.0;776.5;-0.5;67;0;1;;;0;0;;;;;0.0;0.0;0.0;0.0;0.0;;-13.9;;;;;;
2023;2;28;5;-11.2;730.8;776.7;-0.2;76;0;2;;;0;0;;;;;0.0;0.0;0.0;0.0;0.0;;-14.7;;;;;;
2023;2;28;8;-11.8;732.0;778.0;1.2;78;0;1;;;0;0;;;-13.1;;0.0;0.0;0.0;;;20.0;-14.9;0.0;12.0;;;0.0;41.0
2023;2;28;11;-9.9;733.4;779.2;1.4;78;0;2;;;0;0;0.0;0.0;;;0.0;0.0;0.0;;;1.0;-13.1;;;;;;
2023;2;28;14;-5.8;733.0;778.1;-0.4;63;0;2;;;0;0;0.0;0.0;;;0.0;0.0;0.0;0.0;0.0;20.0;-11.8;;;;;;
2023;2;28;17;-5.1;731.9;776.8;-1.1;51;0;1;;;0;0;0.0;0.0;;;0.0;0.0;0.0;0.0;0.0;50.0;-13.7;;;;;;
2023;2;28;20;-7.7;731.2;776.4;-0.7;62;0;1;;;0;0;0.0;0.0;;-4.0;;;;;;;-13.8;0.0;12.0;;;;
2023;2;28;23;-9.9;730.1;775.8;-1.1;70;0;2;;;0;0;;;;;0.0;0.0;0.0;0.0;0.0;;-14.4;;;;;;
2023;3;1;2;-12.3;727.9;773.8;-2.2;79;0;4;;;0;0;;;;;;;;;;;-15.3;;;;;;
2023;3;1;5;-11.7;726.0;771.7;-1.9;73;0;3;;10.0;0;0;;;;;0.0;0.0;0.0;0.0;;;-15.6;;;;;;
2023;3;1;8;-9.6;724.3;769.4;-1.7;63;0;4;;;0;0;;;-12.7;;0.0;0.0;0.0;0.0;0.0;50.0;-15.4;0.0;12.0;;;0.0;41.0
2023;3;1;11;-6.0;723.0;767.5;-1.3;55;0;5;;;0;0;;;;;0.0;0.0;0.0;0.0;0.0;50.0;-13.7;;;;;;
2023;3;1;14;-0.7;720.3;763.7;-2.7;42;0;5;;;0;0;;;;;0.0;0.0;0.0;0.0;0.0;50.0;-12.1;;;;;;
2023;3;1;17;0.1;719.6;762.9;-0.7;41;0;3;;;0;0;;;;;0.0;0.0;0.0;0.0;0.0;50.0;-11.6;;;;;;
2023;3;1;20;-1.4;720.5;764.1;0.9;45;0;2;;;0;0;;;;1.7;0.0;0.0;0.0;0.0;0.0;;-11.9;0.0;12.0;;;;
2023;3;1;23;-3.6;721.3;765.3;0.8;49;0;3;;;0;0;;;;;0.0;0.0;0.0;0.0;0.0;;-12.9;;;;;;
2023;3;2;2;-4.7;721.6;765.8;0.3;54;0;1;;;0;0;;;;;0.0;0.0;0.0;0.0;0.0;;-12.7;;;;;;
2023;3;2;5;-6.6;721.0;765.5;-0.6;64;0;0;;;0;0;;;;;0.0;0.0;0.0;0.0;0.0;;-12.4;;;;;;
2023;3;2;8;-6.2;721.3;765.7;0.3;66;0;1;;;0;0;;;-6.8;;0.0;0.0;0.0;0.0;0.0;50.0;-11.5;0.0;12.0;;;0.0;41.0
2023;3;2;11;-1.7;721.7;765.4;0.4;51;0;2;;;0;0;;;;;;;;;;50.0;-10.6;;;;;;
2023;3;2;14;7.9;721.0;763.0;-0.7;30;0;1;;;0;0;;;;;0.0;0.0;0.0;0.0;0.0;50.0;-8.9;;;;;;
2023;3;2;17;7.3;720.4;762.5;-0.6;27;0;1;;;0;0;;;;;0.0;0.0;0.0;0.0;0.0;50.0;-10.6;;;;;;
2023;3;2;20;3.9;720.4;763.1;0.0;38;0;3;;;0;0;;;;11.3;0.0;0.0;0.0;0.0;0.0;;-9.2;0.0;12.0;;;;
2023;3;2;23;1.2;720.4;763.6;0.0;47;0;3;;;0;0;;;;;0.0;0.0;0.0;0.0;0.0;;-8.9;;;;;;
2023;3;3;2;-3.1;720.8;764.7;0.4;68;0;0;;;0;0;;;;;0.0;0.0;0.0;0.0;0.0;;-8.2;;;;;;
2023;3;3;5;-4.9;721.1;765.3;0.3;73;0;1;;;0;0;;;;;;;;;;;-9.0;;;;;;
2023;3;3;8;-6.4;721.7;766.2;0.6;74;0;1;;;0;0;;;-6.4;;;;;;;50.0;-10.4;0.0;12.0;;;0.0;38.0
2023;3;3;11;0.5;721.6;764.9;-0.1;44;0;2;;;0;0;;;;;;;;;;50.0;-10.5;;;;;;
2023;3;3;14;11.4;719.2;760.6;-2.4;19;0;3;;;0;0;;;;;0.0;0.0;0.0;0.0;0.0;50.0;-11.4;;;;;;
2023;3;3;17;9.7;718.2;759.9;-1.0;22;0;3;;;0;0;;;;;0.0;0.0;0.0;0.0;0.0;50.0;-11.4;;;;;;
2023;3;3;20;6.3;717.6;759.7;-0.6;29;0;3;;;0;0;;;;12.1;0.0;0.0;0.0;0.0;0.0;;-10.6;0.0;12.0;;;;
2023;3;3;23;2.4;716.7;759.4;-0.9;39;0;5;;;0;0;;;;;0.0;0.0;0.0;0.0;0.0;;-10.4;;;;;;
2023;3;4;2;0.9;715.1;757.9;-1.6;44;0;4;;;0;0;;;;;0.0;0.0;0.0;0.0;0.0;;-10.2;;;;;;
2023;3;4;5;1.3;712.5;755.1;-2.6;40;0;4;;;0;0;;;;;0.0;0.0;0.0;0.0;0.0;;-10.9;;;;;;
2023;3;4;8;2.4;710.6;753.0;-1.9;35;0;4;;11.0;0;0;;;0.3;;0.0;0.0;0.0;;;50.0;-11.5;0.0;12.0;;;0.0;36.0
2023;3;4;11;4.6;711.2;753.3;0.6;34;0;2;;;0;0;;;;;0.0;0.0;0.0;;;50.0;-9.9;;;;;;
2023;3;4;14;8.0;715.2;756.9;4.0;28;0;2;;10.0;0;0;;;;;0.0;0.0;0.0;0.0;0.0;50.0;-9.4;;;;;;
2023;3;4;17;6.5;718.0;760.1;2.8;40;0;3;;10.0;0;0;;;;;0.0;0.0;0.0;0.0;0.0;50.0;-6.1;;;;;;
2023;3;4;20;3.6;720.1;762.8;2.1;47;0;2;;;0;0;;;;9.5;0.0;0.0;0.0;0.0;0.0;;-6.8;0.0;12.0;;;;
2023;3;4;23;2.4;721.6;764.5;1.5;44;0;2;;;0;0;;;;;0.0;0.0;0.0;0.0;;;-8.7;;;;;;
2023;3;5;2;-0.4;722.1;765.5;0.5;54;0;0;;;0;0;;;;;0.0;0.0;0.0;0.0;0.0;;-8.7;;;;;;
2023;3;5;5;-0.4;722.9;766.4;0.8;56;0;1;;;0;0;;;;;0.0;0.0;0.0;;;;-8.2;;;;;;
2023;3;5;8;-1.8;724.3;768.1;1.4;56;0;2;;;0;0;;;-1.8;;0.0;0.0;0.0;0.0;0.0;50.0;-9.6;0.0;12.0;;;0.0;35.0
2023;3;5;11;-0.4;724.8;768.4;0.5;50;0;1;;;0;0;;;-2.0;;0.0;0.0;0.0;0.0;0.0;50.0;-9.6;;;;;;
2023;3;5;14;0.8;724.6;768.1;-0.2;35;0;2;;;0;0;;;;;0.0;0.0;0.0;0.0;0.0;50.0;-13.0;;;;;;
2023;3;5;17;0.1;724.6;768.1;0.0;40;0;2;;;0;0;;;;;;;;;;50.0;-12.0;;;;;;
2023;3;5;20;-2.4;725.0;769.0;0.4;48;0;1;;;0;0;;;;2.0;;;;;;;-12.1;0.0;12.0;;;;
2023;3;5;23;-4.8;724.5;768.8;-0.5;54;0;1;;;0;0;;;;;;;;;;;-12.7;;;;;;
2023;3;6;2;-6.2;723.1;767.7;-1.4;51;0;2;;;0;0;;;;;;;;;;;-14.9;;;;;;
2023;3;6;5;-8.5;720.7;765.4;-2.4;73;0;1;;;0;0;;;;;;;;;;;-12.6;;;;;;
2023;3;6;8;-9.1;718.2;762.9;-2.5;70;0;2;;;0;0;;;-10.4;;0.0;0.0;0.0;0.0;0.0;50.0;-13.7;0.0;12.0;;;0.0;34.0
2023;3;6;11;-6.4;714.4;758.5;-3.8;61;0;3;;;0;0;;;;;0.0;0.0;0.0;;;50.0;-12.7;;;;;;
2023;3;6;14;0.8;712.4;755.2;-2.0;40;0;3;;;0;0;;;;;0.0;0.0;0.0;0.0;0.0;50.0;-11.3;;;;;;
2023;3;6;17;-1.0;711.9;754.8;-0.5;49;0;3;;;0;0;;;;;0.0;0.0;0.0;;;50.0;-10.5;;;;;;
2023;3;6;20;-3.8;716.2;759.9;4.3;78;0;2;;;0;0;0.0;0.0;;1.8;0.0;0.0;0.0;;;;-7.1;0.0;12.0;;;;
2023;3;6;23;-2.9;719.8;763.6;3.6;75;0;2;;;0;0;0.0;0.0;;;0.0;0.0;0.0;;;;-6.7;;;;;;
2023;3;7;2;-3.5;721.4;765.4;1.6;75;0;2;;;0;0;0.0;0.0;;;0.0;0.0;0.0;;;;-7.3;;;;;;
2023;3;7;5;-4.0;722.8;766.9;1.4;68;0;2;;;0;0;;;;;0.0;0.0;0.0;;;;-9.1;;;;;;
2023;3;7;8;-5.5;723.1;767.5;0.3;77;0;1;;;0;0;;;-5.6;;0.0;0.0;0.0;0.0;0.0;50.0;-9.0;0.0;12.0;;;0.0;34.0
2023;3;7;11;-1.1;722.0;765.6;-1.1;56;0;2;;;0;0;;;-5.8;;0.0;0.0;0.0;0.0;0.0;50.0;-8.9;;;;;;
2023;3;7;14;3.1;719.5;762.2;-2.5;39;0;4;;;0;0;;;;;0.0;0.0;0.0;0.0;0.0;50.0;-9.8;;;;;;
2023;3;7;17;3.9;717.7;760.2;-1.8;35;0;3;;;0;0;;;;;0.0;0.0;0.0;0.0;0.0;50.0;-10.4;;;;;;
2023;3;7;20;1.7;716.9;759.7;-0.8;41;0;2;;;0;0;;;;4.6;0.0;0.0;0.0;0.0;;;-10.3;0.0;12.0;;;;
2023;3;7;23;-1.5;715.5;758.8;-1.4;59;0;2;;;0;0;;;;;0.0;0.0;0.0;0.0;;;-8.6;;;;;;
2023;3;8;2;-3.0;714.9;758.3;-0.6;63;0;2;;;0;0;;;;;0.0;0.0;0.0;0.0;0.0;;-9.2;;;;;;
2023;3;8;5;-1.1;719.2;762.5;4.3;73;0;4;;;0;0;0.0;0.0;;;0.0;0.0;0.0;;;;-5.3;;;;;;
2023;3;8;8;-3.6;719.8;763.7;0.6;83;0;1;;;0;0;0.0;0.0;-3.6;;0.0;0.0;0.0;0.0;0.0;50.0;-6.1;0.0;12.0;;;0.0;34.0
2023;3;8;11;1.2;718.6;761.6;-1.2;50;0;2;;;0;0;;;-3.7;;0.0;0.0;0.0;0.0;0.0;50.0;-8.3;;;;;;
2023;3;8;14;2.5;713.4;755.9;-5.2;41;0;3;;;0;0;;;;;0.0;0.0;0.0;0.0;0.0;50.0;-9.7;;;;;;
2023;3;8;17;2.8;708.7;750.9;-4.7;34;0;2;;;0;0;;;;;0.0;0.0;0.0;0.0;;50.0;-11.8;;;;;;
2023;3;8;20;2.4;707.1;749.2;-1.6;39;0;3;;;0;0;;;;3.4;0.0;0.0;0.0;0.0;0.0;;-10.3;0.0;12.0;;;;
2023;3;8;23;1.9;706.3;748.4;-0.8;50;0;4;;;0;0;;;;;0.0;0.0;0.0;0.0;;;-7.5;;;;;;
2023;3;9;2;0.6;707.4;749.8;1.1;54;0;2;;;0;0;;;;;0.0;0.0;0.0;0.0;;;-7.8;;;;;;
2023;3;9;5;-1.3;710.9;753.8;3.5;64;0;0;;;0;0;;;;;0.0;0.0;0.0;0.0;0.0;;-7.4;;;;;;
2023;3;9;8;-2.2;713.6;756.9;2.7;66;0;1;;;0;0;;;-2.6;;0.0;0.0;0.0;0.0;0.0;50.0;-7.8;0.0;12.0;;;0.0;34.0
2023;3;9;11;0.6;716.2;759.1;2.6;65;0;1;;;0;0;0.0;0.0;;;0.0;0.0;0.0;;;10.0;-5.4;;;;;;
2023;3;9;14;1.6;717.5;760.3;1.3;42;0;4;;;0;0;0.0;0.0;;;0.0;0.0;0.0;;;50.0;-10.0;;;;;;
2023;3;9;17;0.2;719.1;762.3;1.6;50;0;4;;;0;0;;;;;0.0;0.0;0.0;;;50.0;-9.2;;;;;;
2023;3;9;20;-3.6;723.1;767.1;4.0;80;0;3;;11.0;0;0;0.0;0.0;;2.0;0.0;0.0;0.0;;;;-6.6;0.0;12.0;;;;
2023;3;9;23;-3.1;726.1;770.2;3.0;57;0;4;11.0;11.0;0;0;0.0;0.0;;;0.0;0.0;0.0;0.0;0.0;;-10.5;;;;;;
2023;3;10;2;-6.9;729.1;774.1;3.0;33;0;4;;12.0;0;0;0.0;0.0;;;0.0;0.0;0.0;0.0;0.0;;-20.6;;;;;;
2023;3;10;5;-9.2;730.3;775.8;1.2;41;0;2;;;0;0;;;;;0.0;0.0;0.0;0.0;0.0;;-20.0;;;;;;
2023;3;10;8;-9.3;731.3;776.9;1.0;40;0;2;;;0;0;;;-9.3;;0.0;0.0;0.0;0.0;0.0;50.0;-20.5;0.0;12.0;;;0.0;34.0
2023;3;10;11;-9.3;733.3;778.9;2.0;49;0;3;;10.0;0;0;0.0;0.0;-9.4;;0.0;0.0;0.0;0.0;0.0;20.0;-18.1;;;;;;
2023;3;10;14;-8.3;734.2;779.8;0.9;41;0;3;;10.0;0;0;0.0;0.0;;;0.0;0.0;0.0;0.0;0.0;50.0;-19.2;;;;;;
2023;3;10;17;-7.8;734.6;780.1;0.4;36;0;2;;;0;0;;;;;0.0;0.0;0.0;0.0;0.0;50.0;-20.3;;;;;;
2023;3;10;20;-9.8;736.0;781.9;1.4;40;0;2;;;0;0;;;;-7.6;;;;;;;-21.0;0.0;12.0;;;;
2023;3;10;23;-11.5;737.3;783.7;1.3;46;0;1;;;0;0;;;;;;;;;;;-21.0;;;;;;
2023;3;11;2;-13.1;738.6;785.3;1.3;52;0;1;;;0;0;;;;;0.0;0.0;0.0;0.0;0.0;;-20.9;;;;;;
2023;3;11;5;-15.0;739.3;786.4;0.7;62;0;1;;;0;0;;;;;;;;;;;-20.8;;;;;;
2023;3;11;8;-18.7;739.9;787.7;0.6;71;0;1;;;0;0;;;-19.0;;;;;;;50.0;-22.7;0.0;12.0;;;0.0;34.0
2023;3;11;11;-10.4;739.5;785.8;-0.4;41;0;2;;;0;0;;;;;0.0;0.0;0.0;0.0;0.0;50.0;-21.1;;;;;;
2023;3;11;14;-5.1;736.9;782.0;-2.6;25;0;2;;;0;0;;;;;0.0;0.0;0.0;0.0;0.0;50.0;-22.4;;;;;;
2023;3;11;17;-3.9;734.3;779.2;-2.6;33;0;2;;;0;0;;;;;;;;;;50.0;-18.0;;;;;;
2023;3;11;20;-6.5;733.0;778.1;-1.3;30;0;3;;;0;0;;;;-2.8;;;;;;;-21.3;0.0;12.0;;;;
2023;3;11;23;-9.4;730.3;775.8;-2.7;49;0;3;;;0;0;;;;;;;;;;;-18.2;;;;;;
2023;3;12;2;-10.7;727.3;772.9;-3.0;54;0;4;;;0;0;;;;;;;;;;;-18.3;;;;;;
2023;3;12;5;-11.0;723.5;768.9;-3.8;51;0;3;;10.0;0;0;;;;;;;;;;;-19.3;;;;;;
2023;3;12;8;-10.6;721.0;766.1;-2.5;50;0;4;;11.0;0;0;;;-11.1;;0.0;0.0;0.0;0.0;0.0;50.0;-19.2;0.0;12.0;;;0.0;34.0
2023;3;12;11;-6.0;719.2;763.5;-1.8;38;0;3;;;0;0;;;;;0.0;0.0;0.0;0.0;0.0;50.0;-18.3;;;;;;
2023;3;12;14;-2.5;716.3;759.7;-2.9;35;0;4;;;0;0;;;;;0.0;0.0;0.0;0.0;;50.0;-16.0;;;;;;
2023;3;12;17;-4.8;715.2;759.0;-1.1;47;0;3;;;0;0;;;;;0.0;0.0;0.0;;;50.0;-14.4;;;;;;
2023;3;12;20;-7.2;714.6;758.8;-0.6;58;0;2;;;0;0;;;;-2.2;0.0;0.0;0.0;0.0;0.0;;-14.2;0.0;12.0;;;;
2023;3;12;23;-7.6;714.7;759.0;0.1;56;0;2;;;0;0;;;;;0.0;0.0;0.0;0.0;0.0;;-14.9;;;;;;
2023;3;13;2;-8.2;714.5;758.8;-0.2;62;0;3;;;0;0;;;;;0.0;0.0;0.0;0.0;;;-14.3;;;;;;
2023;3;13;5;-8.9;714.2;758.6;-0.3;65;0;4;;;0;0;;;;;0.0;0.0;0.0;0.0;0.0;;-14.4;;;;;;
2023;3;13;8;-7.7;717.9;762.4;3.7;86;0;2;;;0;0;0.0;0.0;-9.0;;0.0;0.0;0.0;;;2.0;-9.7;0.0;12.0;;;0.0;37.0
2023;3;13;11;-1.6;721.2;764.8;3.3;54;0;5;11.0;12.0;0;0;0.0;0.0;;;0.0;0.0;0.0;0.0;0.0;10.0;-9.7;;;;;;
2023;3;13;14;-0.8;722.8;766.4;1.6;39;0;4;11.0;16.0;0;0;0.0;0.0;;;0.0;0.0;0.0;0.0;0.0;50.0;-13.0;;;;;;
2023;3;13;17;-1.6;724.1;767.9;1.3;33;0;4;;14.0;0;0;0.0;0.0;;;0.0;0.0;0.0;0.0;0.0;50.0;-15.9;;;;;;
2023;3;13;20;-4.8;727.1;771.7;3.0;41;0;2;;13.0;0;0;0.0;0.0;;-0.4;0.0;0.0;0.0;0.0;0.0;;-16.2;0.0;12.0;;;;
2023;3;13;23;-7.1;728.4;773.4;1.3;48;0;2;;;0;0;;;;;0.0;0.0;0.0;0.0;0.0;;-16.3;;;;;;
2023;3;14;2;-7.1;728.5;773.5;0.1;48;0;2;;;0;0;;;;;0.0;0.0;0.0;0.0;0.0;;-16.4;;;;;;
2023;3;14;5;-7.4;728.5;773.5;0.0;75;0;1;;;0;0;0.0;0.0;;;0.0;0.0;0.0;0.0;0.0;;-11.2;;;;;;
2023;3;14;8;-7.1;728.5;773.5;0.0;76;0;2;;;0;0;0.0;0.0;-7.9;;0.0;0.0;0.0;;;4.0;-10.7;0.0;12.0;;;0.0;36.0
2023;3;14;11;-5.1;728.7;773.3;0.2;72;0;2;;;0;0;0.0;0.0;;;0.0;0.0;0.0;;;2.0;-9.5;;;;;;
2023;3;14;14;-5.1;728.0;772.6;-0.7;83;0;3;;;0;0;0.0;0.0;;;0.0;0.0;0.0;;;1.0;-7.5;;;;;;
2023;3;14;17;-2.9;727.5;771.7;-0.5;55;0;2;;;0;0;0.0;0.0;;;0.0;0.0;0.0;;;20.0;-10.8;;;;;;
2023;3;14;20;-4.8;727.6;772.2;0.1;63;0;1;;;0;0;0.0;0.0;;-2.6;0.0;0.0;0.0;0.0;0.0;20.0;-10.8;0.0;12.0;;;;
2023;3;14;23;-4.7;727.6;772.1;0.0;66;0;1;;;0;0;0.0;0.0;;;0.0;0.0;0.0;;;;-10.2;;;;;;
2023;3;15;2;-5.8;727.0;771.7;-0.6;87;0;0;;;0;0;0.0;0.0;;;0.0;0.0;0.0;;;;-7.6;;;;;;
2023;3;15;5;-6.3;727.0;771.8;0.0;87;0;0;;;0;0;0.0;0.0;;;0.0;0.0;0.0;;;;-8.1;;;;;;
2023;3;15;8;-6.3;728.0;772.9;1.0;87;0;0;;;0;0;0.0;0.0;-7.4;;0.0;0.0;0.0;;;2.0;-8.2;0.0;12.0;;;0.0;41.0
2023;3;15;11;-4.4;729.1;773.7;1.1;72;0;2;;;0;0;0.0;0.0;;;0.0;0.0;0.0;;;4.0;-8.7;;;;;;
2023;3;15;14;-2.1;730.0;774.2;0.9;44;0;1;;;0;0;0.0;0.0;;;0.0;0.0;0.0;0.0;0.0;50.0;-12.7;;;;;;
2023;3;15;17;-2.4;730.7;775.1;0.7;35;0;1;;;0;0;;;;;0.0;0.0;0.0;0.0;0.0;50.0;-16.0;;;;;;
2023;3;15;20;-5.6;732.2;777.2;1.5;50;0;1;;;0;0;;;;-0.8;0.0;0.0;0.0;0.0;0.0;50.0;-14.4;0.0;12.0;;;;
2023;3;15;23;-9.0;733.1;778.7;0.9;65;0;0;;;0;0;;;;;;;;;;;-14.5;;;;;;
2023;3;16;2;-13.1;733.0;779.3;-0.1;78;0;1;;;0;0;;;;;;;;;;;-16.2;;;;;;
2023;3;16;5;-14.5;731.9;778.5;-1.1;82;0;2;;;0;0;;;;;;;;;;;-16.9;;;;;;
2023;3;16;8;-14.5;731.1;777.6;-0.8;79;0;4;;;0;0;;;-15.7;;0.0;0.0;0.0;0.0;0.0;50.0;-17.3;0.0;12.0;;;0.0;40.0
2023;3;16;11;-5.6;730.2;775.0;-0.9;50;0;4;10.0;10.0;0;0;;;;;0.0;0.0;0.0;0.0;0.0;50.0;-14.5;;;;;;
2023;3;16;14;0.7;729.2;772.9;-1.0;33;0;5;;10.0;0;0;;;;;;;;;;50.0;-13.7;;;;;;
2023;3;16;17;0.6;728.2;772.0;-1.0;27;0;4;;10.0;0;0;;;;;0.0;0.0;0.0;0.0;0.0;50.0;-16.5;;;;;;
2023;3;16;20;-2.5;728.0;772.3;-0.2;35;0;2;;;0;0;;;;1.9;;;;;;50.0;-16.0;0.0;12.0;;;;
2023;3;16;23;-7.3;727.6;772.6;-0.4;52;0;3;;;0;0;;;;;;;;;;;-15.5;;;;;;
2023;3;17;2;-9.1;726.7;772.0;-0.9;59;0;3;;;0;0;;;;;;;;;;;-15.7;;;;;;
2023;3;17;5;-10.4;726.1;771.5;-0.6;63;0;3;;;0;0;;;;;;;;;;;-16.1;;;;;;
2023;3;17;8;-11.6;726.7;772.4;0.6;73;0;2;;;0;0;;;-11.9;;;;;;;50.0;-15.5;0.0;12.0;;;0.0;39.0
2023;3;17;11;-3.7;726.9;771.2;0.2;43;0;1;;;0;0;;;;;0.0;0.0;0.0;0.0;0.0;50.0;-14.7;;;;;;
2023;3;17;14;3.2;725.8;769.0;-1.1;31;0;2;;;0;0;;;;;;;;;;50.0;-12.6;;;;;;
2023;3;17;17;3.6;725.2;768.1;-0.6;28;0;1;;;0;0;;;;;;;;;;50.0;-13.5;;;;;;
2023;3;17;20;-1.1;725.2;769.0;0.0;46;0;0;;;0;0;;;;4.6;;;;;;50.0;-11.5;0.0;12.0;;;;
2023;3;17;23;-3.9;725.5;769.8;0.3;55;0;1;;;0;0;;;;;;;;;;;-11.7;;;;;;
2023;3;18;2;-7.1;725.0;769.8;-0.5;69;0;0;;;0;0;;;;;;;;;;;-11.8;;;;;;
2023;3;18;5;-9.4;724.7;769.9;-0.3;74;0;1;;;0;0;;;;;;;;;;;-13.2;;;;;;
2023;3;18;8;-11.2;725.2;770.8;0.5;74;0;1;;;0;0;;;-11.3;;;;;;;50.0;-15.0;0.0;12.0;;;0.0;37.0
2023;3;18;11;-2.5;725.1;769.1;-0.1;50;0;1;;;0;0;;;;;;;;;;50.0;-11.6;;;;;;
2023;3;18;14;7.3;723.2;765.6;-1.9;27;0;1;;;0;0;;;;;;;;;;50.0;-10.4;;;;;;
2023;3;18;17;7.8;721.0;763.0;-2.2;18;0;1;;;0;0;;;;;;;;;;50.0;-15.0;;;;;;
2023;3;18;20;2.3;720.0;762.9;-1.0;30;0;1;;;0;0;;;;9.6;0.0;0.0;0.0;0.0;0.0;50.0;-13.5;0.0;12.0;;;;
2023;3;18;23;-1.0;719.1;762.4;-0.9;44;0;2;;;0;0;;;;;;;;;;;-11.9;;;;;;
2023;3;19;2;-4.5;718.1;762.1;-1.0;54;0;1;;;0;0;;;;;;;;;;;-12.5;;;;;;
2023;3;19;5;-8.2;717.4;761.9;-0.7;73;0;1;;;0;0;;;;;;;;;;;-12.3;;;;;;
2023;3;19;8;-8.1;717.1;761.5;-0.3;68;0;0;;;0;0;;;-8.4;;;;;;;50.0;-13.0;0.0;12.0;;;0.0;35.0
2023;3;19;11;1.9;716.1;758.8;-1.0;31;0;1;;;0;0;;;;;;;;;;50.0;-13.6;;;;;;
2023;3;19;14;10.9;713.8;755.1;-2.3;20;0;1;;;0;0;;;;;;;;;;50.0;-11.4;;;;;;
2023;3;19;17;10.5;711.6;752.7;-2.2;19;0;1;;;0;0;;;;;0.0;0.0;0.0;0.0;0.0;50.0;-12.3;;;;;;
2023;3;19;20;3.7;710.7;752.8;-0.9;32;0;0;;;0;0;;;;11.2;0.0;0.0;0.0;0.0;0.0;50.0;-11.8;0.0;12.0;;;;
2023;3;19;23;-0.8;710.2;753.0;-0.5;51;0;1;;;0;0;;;;;0.0;0.0;0.0;0.0;0.0;;-9.9;;;;;;
2023;3;20;2;-2.4;709.5;752.5;-0.7;49;0;2;;;0;0;;;;;;;;;;;-11.8;;;;;;
2023;3;20;5;-4.1;709.0;752.3;-0.5;53;0;2;;;0;0;;;;;;;;;;;-12.3;;;;;;
2023;3;20;8;-5.0;709.5;752.9;0.5;56;0;1;;;0;0;;;-5.5;;0.0;0.0;0.0;0.0;0.0;50.0;-12.5;0.0;12.0;;;0.0;33.0
2023;3;20;11;1.0;711.1;753.7;1.6;44;0;4;;;0;0;;;;;0.0;0.0;0.0;0.0;0.0;20.0;-10.1;;;;;;
2023;3;20;14;2.1;713.2;755.8;2.1;55;0;6;13.0;;0;0;;;;;0.0;0.0;0.0;;;50.0;-6.0;;;;;;
2023;3;20;17;-1.6;715.6;758.8;2.4;71;0;3;;13.0;0;0;0.0;0.0;;;0.0;0.0;0.0;;;2.0;-6.3;;;;;;
2023;3;20;20;-4.5;718.8;762.7;3.2;73;0;5;14.0;16.0;0;0;0.0;0.0;;3.2;0.0;0.0;0.0;;;10.0;-8.6;0.0;12.0;;;;
2023;3;20;23;-7.8;721.9;766.6;3.1;74;0;6;13.0;14.0;0;0;0.0;0.0;;;0.0;0.0;0.0;;;;-11.7;;;;;;
2023;3;21;2;-9.1;724.1;769.2;2.2;50;0;5;12.0;16.0;0;0;0.0;0.0;;;0.0;0.0;0.0;;;;-17.8;;;;;;
2023;3;21;5;-11.6;725.5;771.1;1.4;55;0;5;11.0;14.0;0;0;;;;;0.0;0.0;0.0;0.0;0.0;;-18.9;;;;;;
2023;3;21;8;-13.1;727.3;773.3;1.8;63;0;4;;13.0;0;0;;;-13.1;;0.0;0.0;0.0;0.0;0.0;50.0;-18.8;0.0;12.0;;;0.0;32.0
2023;3;21;11;-11.4;728.2;773.9;0.9;58;0;5;;13.0;0;0;0.0;0.0;;;0.0;0.0;0.0;0.0;0.0;10.0;-18.1;;;;;;
2023;3;21;14;-10.4;727.5;773.0;-0.7;43;0;6;12.0;13.0;0;0;0.0;0.0;;;0.0;0.0;0.0;0.0;0.0;20.0;-20.7;;;;;;
2023;3;21;17;-9.8;727.4;772.9;-0.1;41;0;4;;14.0;0;0;0.0;0.0;;;0.0;0.0;0.0;0.0;0.0;50.0;-20.8;;;;;;
2023;3;21;20;-11.5;728.1;773.9;0.7;45;0;3;;12.0;0;0;0.0;0.0;;-9.5;0.0;0.0;0.0;0.0;0.0;20.0;-21.1;0.0;12.0;;;;
2023;3;21;23;-12.8;728.8;774.8;0.7;57;0;2;;;0;0;;;;;;;;;;;-19.6;;;;;;
2023;3;22;2;-15.1;728.9;775.4;0.1;57;0;2;;;0;0;;;;;;;;;;;-21.8;;;;;;
2023;3;22;5;-16.3;729.4;776.1;0.5;58;0;3;;;0;0;;;;;;;;;;;-22.8;;;;;;
2023;3;22;8;-17.7;730.3;777.4;0.9;60;0;1;;;0;0;;;-17.7;;0.0;0.0;0.0;0.0;0.0;50.0;-23.6;0.0;12.0;;;0.0;32.0
2023;3;22;11;-11.8;731.2;777.2;0.9;40;0;2;;;0;0;;;;;0.0;0.0;0.0;0.0;0.0;50.0;-22.7;;;;;;
2023;3;22;14;-8.7;730.3;775.7;-0.9;32;0;4;;13.0;0;0;;;;;0.0;0.0;0.0;0.0;0.0;50.0;-22.4;;;;;;
2023;3;22;17;-8.7;730.3;775.7;0.0;34;0;3;;12.0;0;0;;;;;0.0;0.0;0.0;0.0;0.0;50.0;-21.9;;;;;;
2023;3;22;20;-9.6;731.0;776.6;0.7;39;0;2;;10.0;0;0;;;;-7.6;0.0;0.0;0.0;0.0;0.0;50.0;-21.2;0.0;12.0;;;;
2023;3;22;23;-10.2;731.2;776.9;0.2;40;0;2;;;0;0;;;;;;;;;;;-21.4;;;;;;
2023;3;23;2;-10.5;731.2;777.0;0.0;38;0;2;;;0;0;;;;;0.0;0.0;0.0;0.0;0.0;;-22.3;;;;;;
2023;3;23;5;-11.4;731.3;777.3;0.1;40;0;0;;;0;0;;;;;0.0;0.0;0.0;0.0;0.0;;-22.4;;;;;;
2023;3;23;8;-11.1;731.9;777.9;0.6;39;0;1;;;0;0;;;-11.6;;0.0;0.0;0.0;;;50.0;-22.4;0.0;12.0;;;0.0;32.0
2023;3;23;11;-8.6;732.4;777.9;0.5;34;0;1;;;0;0;;;;;0.0;0.0;0.0;0.0;;50.0;-21.7;;;;;;
2023;3;23;14;-5.3;731.3;776.2;-1.1;26;0;1;;;0;0;;;;;0.0;0.0;0.0;0.0;;20.0;-21.9;;;;;;
2023;3;23;17;-4.8;730.3;775.0;-1.0;24;0;2;;;0;0;;;;;0.0;0.0;0.0;0.0;0.0;50.0;-22.6;;;;;;
2023;3;23;20;-6.3;729.8;774.7;-0.5;25;0;1;;;0;0;;;;-4.1;0.0;0.0;0.0;0.0;0.0;50.0;-23.1;0.0;12.0;;;;
2023;3;23;23;-8.3;729.2;774.5;-0.6;34;0;1;;;0;0;;;;;0.0;0.0;0.0;0.0;0.0;;-21.4;;;;;;
2023;3;24;2;-12.0;728.0;773.9;-1.2;52;0;1;;;0;0;;;;;;;;;;;-20.0;;;;;;
2023;3;24;5;-13.0;726.7;772.6;-1.3;53;0;2;;;0;0;;;;;;;;;;;-20.7;;;;;;
2023;3;24;8;-14.0;726.0;772.1;-0.7;54;0;2;;;0;0;;;-14.2;;0.0;0.0;0.0;0.0;0.0;50.0;-21.3;0.0;12.0;;;0.0;32.0
2023;3;24;11;-5.1;725.3;769.8;-0.7;34;0;3;;;0;0;;;;;0.0;0.0;0.0;0.0;0.0;50.0;-18.6;;;;;;
2023;3;24;14;-0.3;724.3;767.9;-1.0;25;0;3;;;0;0;;;;;0.0;0.0;0.0;0.0;0.0;50.0;-17.9;;;;;;
2023;3;24;17;0.3;723.3;766.7;-1.0;26;0;3;;;0;0;;;;;;;;;;50.0;-17.2;;;;;;
2023;3;24;20;-3.4;723.9;768.0;0.6;43;0;2;;;0;0;;;;0.8;0.0;0.0;0.0;0.0;0.0;50.0;-14.4;0.0;12.0;;;;
2023;3;24;23;-6.6;724.0;768.7;0.1;54;0;1;;;0;0;;;;;;;;;;;-14.4;;;;;;
2023;3;25;2;-9.1;724.2;769.3;0.2;68;0;3;;;0;0;;;;;;;;;;;-13.9;;;;;;
2023;3;25;5;-11.0;723.7;769.1;-0.5;75;0;3;;;0;0;;;;;;;;;;;-14.6;;;;;;
2023;3;25;8;-11.7;724.2;769.8;0.5;74;0;3;;;0;0;;;-11.9;;0.0;0.0;0.0;0.0;0.0;50.0;-15.5;0.0;12.0;;;0.0;32.0
2023;3;25;11;-3.7;724.3;768.4;0.1;42;0;3;;;0;0;;;;;0.0;0.0;0.0;0.0;0.0;50.0;-14.9;;;;;;
2023;3;25;14;4.2;722.6;765.4;-1.7;25;0;1;;;0;0;;;;;0.0;0.0;0.0;0.0;0.0;50.0;-14.4;;;;;;
2023;3;25;17;4.9;721.6;764.2;-1.0;24;0;1;;;0;0;;;;;0.0;0.0;0.0;0.0;;50.0;-13.9;;;;;;
2023;3;25;20;1.5;721.3;764.5;-0.3;32;0;1;;;0;0;;;;5.3;0.0;0.0;0.0;0.0;0.0;50.0;-13.7;0.0;12.0;;;;
2023;3;25;23;-1.2;721.6;765.1;0.3;55;0;1;;;0;0;;;;;0.0;0.0;0.0;0.0;;;-9.3;;;;;;
2023;3;26;2;-2.1;721.3;765.0;-0.3;52;0;1;;;0;0;;;;;0.0;0.0;0.0;0.0;;;-10.8;;;;;;
2023;3;26;5;-2.0;721.5;765.1;0.2;47;0;1;;;0;0;;;;;0.0;0.0;0.0;;;;-12.0;;;;;;
2023;3;26;8;-2.0;722.5;766.3;1.0;51;0;1;;;0;0;;;-2.6;;0.0;0.0;0.0;;;50.0;-11.0;0.0;12.0;;;0.0;29.0
2023;3;26;11;3.1;722.6;765.5;0.1;34;0;1;;;0;0;;;;;0.0;0.0;0.0;0.0;0.0;50.0;-11.4;;;;;;
2023;3;26;14;8.7;721.3;763.3;-1.3;23;0;1;;;0;0;;;;;0.0;0.0;0.0;0.0;0.0;50.0;-11.3;;;;;;
2023;3;26;17;9.4;719.8;761.7;-1.5;20;0;1;;;0;0;;;;;0.0;0.0;0.0;0.0;0.0;50.0;-12.7;;;;;;
2023;3;26;20;5.3;719.9;762.4;0.1;32;0;1;;;0;0;;;;10.2;0.0;0.0;0.0;0.0;0.0;50.0;-10.3;0.0;12.0;;;;
2023;3;26;23;2.5;720.2;763.1;0.3;41;0;0;;;0;0;;;;;0.0;0.0;0.0;0.0;0.0;;-9.4;;;;;;
2023;3;27;2;0.2;719.8;763.1;-0.4;54;0;0;;;0;0;;;;;0.0;0.0;0.0;0.0;0.0;;-8.1;;;;;;
2023;3;27;5;-1.8;719.5;763.0;-0.3;64;0;1;;;0;0;;;;;;;;;;;-7.8;;;;;;
2023;3;27;8;-2.0;720.2;763.9;0.7;62;0;1;;;0;0;;;-3.3;;0.0;0.0;0.0;0.0;0.0;50.0;-8.3;0.0;12.0;;;0.0;25.0
2023;3;27;11;5.2;720.4;762.9;0.2;39;0;1;;;0;0;;;;;0.0;0.0;0.0;0.0;;50.0;-7.7;;;;;;
2023;3;27;14;10.7;718.8;760.3;-1.6;25;0;2;;;0;0;;;;;0.0;0.0;0.0;0.0;0.0;50.0;-8.8;;;;;;
2023;3;27;17;12.7;717.3;758.5;-1.5;20;0;2;;;0;0;;;;;0.0;0.0;0.0;0.0;0.0;50.0;-9.9;;;;;;
2023;3;27;20;8.0;716.9;758.8;-0.4;29;0;2;;;0;0;;;;12.8;0.0;0.0;0.0;0.0;0.0;50.0;-9.1;0.0;12.0;;;;
2023;3;27;23;3.9;717.2;759.7;0.3;44;0;2;;;0;0;;;;;;;;;;;-7.5;;;;;;
2023;3;28;2;1.4;717.7;760.6;0.5;54;0;1;;;0;0;;;;;;;;;;;-7.1;;;;;;
2023;3;28;5;-1.5;719.2;762.7;1.5;71;0;1;;;0;0;;;;;;;;;;;-6.2;;;;;;
2023;3;28;8;-0.5;720.4;763.9;1.2;66;0;1;;;0;0;;;-2.7;;0.0;0.0;0.0;0.0;0.0;50.0;-6.2;0.0;12.0;;;0.0;19.0
2023;3;28;11;8.9;720.5;762.4;0.1;33;0;1;;;0;0;;;;;0.0;0.0;0.0;0.0;0.0;50.0;-6.5;;;;;;
2023;3;28;14;14.3;719.3;760.3;-1.2;21;0;1;;;0;0;;;;;0.0;0.0;0.0;0.0;0.0;50.0;-7.6;;;;;;
2023;3;28;17;13.7;718.8;759.9;-0.5;19;0;2;;;0;0;;;;;0.0;0.0;0.0;0.0;0.0;50.0;-9.7;;;;;;
2023;3;28;20;8.3;720.4;762.4;1.6;38;0;1;;;0;0;;;;14.9;0.0;0.0;0.0;0.0;0.0;50.0;-5.4;0.0;12.0;;;;
2023;3;28;23;4.0;721.5;764.2;1.1;53;0;0;;;0;0;;;;;0.0;0.0;0.0;0.0;0.0;;-4.8;;;;;;
2023;3;29;2;0.5;721.7;765.0;0.2;73;0;1;;;0;0;;;;;0.0;0.0;0.0;0.0;0.0;;-3.9;;;;;;
2023;3;29;5;-0.6;722.0;765.5;0.3;76;0;1;;;0;0;;;;;;;;;;;-4.3;;;;;;
2023;3;29;8;0.1;722.5;766.0;0.5;73;0;1;;;0;0;;;-1.3;;0.0;0.0;0.0;;;50.0;-4.3;0.0;12.0;;;0.0;16.0
2023;3;29;11;7.6;722.4;764.5;-0.1;48;0;0;;;0;0;;;;;0.0;0.0;0.0;0.0;0.0;50.0;-2.8;;;;;;
2023;3;29;14;12.7;720.7;762.0;-1.7;29;0;0;;;0;0;;;;;0.0;0.0;0.0;0.0;0.0;50.0;-4.9;;;;;;
2023;3;29;17;15.1;719.5;760.5;-1.2;25;0;1;;;0;0;;;;;0.0;0.0;0.0;0.0;0.0;50.0;-5.0;;;;;;
2023;3;29;20;10.3;718.9;760.5;-0.6;34;0;1;;;0;0;;;;15.3;0.0;0.0;0.0;0.0;0.0;50.0;-5.0;0.0;12.0;;;;
2023;3;29;23;5.9;718.3;760.4;-0.6;48;0;3;;;0;0;;;;;0.0;0.0;0.0;0.0;0.0;;-4.4;;;;;;
2023;3;30;2;3.2;716.3;758.8;-2.0;57;0;4;;;0;0;;;;;0.0;0.0;0.0;0.0;0.0;;-4.5;;;;;;
2023;3;30;5;3.0;714.4;756.8;-1.9;57;0;4;;;0;0;;;;;;;;;;;-4.7;;;;;;
2023;3;30;8;2.5;713.7;756.1;-0.7;59;0;3;;;0;0;;;1.6;;0.0;0.0;0.0;0.0;0.0;50.0;-4.7;0.0;12.0;;;0.0;12.0
2023;3;30;11;12.5;712.3;753.1;-1.4;28;0;2;;;0;0;;;;;0.0;0.0;0.0;0.0;0.0;50.0;-5.7;;;;;;
2023;3;30;14;19.3;709.9;749.8;-2.4;14;0;2;;;0;0;;;;;0.0;0.0;0.0;0.0;0.0;50.0;-8.5;;;;;;
2023;3;30;17;20.9;707.8;747.2;-2.1;10;0;2;;;0;0;;;;;0.0;0.0;0.0;0.0;0.0;50.0;-12.2;;;;;;
2023;3;30;20;13.3;706.6;747.1;-1.2;20;0;3;;;0;0;;;;21.1;0.0;0.0;0.0;0.0;0.0;50.0;-9.0;0.0;12.0;;;;
2023;3;30;23;7.6;705.1;746.3;-1.5;34;0;3;;10.0;0;0;;;;;0.0;0.0;0.0;0.0;0.0;;-7.3;;;;;;
2023;3;31;2;7.2;703.8;745.0;-1.3;33;0;2;;;0;0;;;;;0.0;0.0;0.0;0.0;0.0;;-8.0;;;;;;
2023;3;31;5;4.5;709.3;751.1;5.5;62;0;6;15.0;17.0;0;0;;;;;0.0;0.0;0.0;0.0;0.0;;-2.3;;;;;;
2023;3;31;8;-1.9;714.4;757.7;5.1;84;0;4;12.0;17.0;0;0;0.0;0.0;-1.9;;0.0;0.0;0.0;;;1.0;-4.2;0.0;12.0;;;0.0;5.0
2023;3;31;11;-3.6;717.9;761.6;3.5;86;0;5;13.0;17.0;0;0;0.0;0.0;-3.9;;0.0;0.0;0.0;;;0.5;-5.7;;;;;;
2023;3;31;14;-3.1;720.2;764.1;2.3;66;0;5;14.0;14.0;0;0;0.0;0.0;;;0.0;0.0;0.0;;;2.0;-8.6;;;;;;
2023;3;31;17;-3.2;721.9;765.8;1.7;51;0;4;10.0;14.0;0;0;0.0;0.0;;;0.0;0.0;0.0;0.0;0.0;20.0;-12.0;;;;;;
2023;3;31;20;-4.1;723.9;768.1;2.0;43;0;3;;11.0;0;0;0.0;0.0;;-1.9;0.0;0.0;0.0;0.0;0.0;50.0;-15.0;0.0;12.0;;;;
2023;3;31;23;-5.5;725.8;770.4;1.9;43;0;2;;;0;0;;;;;0.0;0.0;0.0;0.0;0.0;;-16.2;;;;;;
2023;4;1;2;-6.7;727.2;772.0;1.4;49;0;2;;;0;0;;;;;0.0;0.0;0.0;0.0;0.0;;-15.8;;;;;;
2023;4;1;5;-8.6;728.5;773.8;1.3;56;0;2;;;0;0;;;;;0.0;0.0;0.0;0.0;0.0;;-15.8;;;;;;
2023;4;1;8;-9.5;730.3;775.8;1.8;59;0;3;;;0;0;;;-10.1;;0.0;0.0;0.0;0.0;0.0;50.0;-16.2;0.0;12.0;;;0.0;5.0
2023;4;1;11;-6.5;731.2;776.3;0.9;44;0;4;;;0;0;;;;;0.0;0.0;0.0;0.0;0.0;50.0;-16.9;;;;;;
2023;4;1;14;-4.2;731.2;775.9;0.0;36;0;3;;;0;0;0.0;0.0;;;0.0;0.0;0.0;0.0;0.0;50.0;-17.3;;;;;;
2023;4;1;17;-4.4;731.2;775.9;0.0;29;0;3;;;0;0;0.0;0.0;;;0.0;0.0;0.0;0.0;0.0;50.0;-20.0;;;;;;
2023;4;1;20;-6.0;733.0;778.0;1.8;30;0;3;;;0;0;0.0;0.0;;-3.9;0.0;0.0;0.0;0.0;0.0;50.0;-20.9;0.0;12.0;;;;
2023;4;1;23;-7.7;734.6;780.1;1.6;47;0;2;;;0;0;;;;;0.0;0.0;0.0;0.0;0.0;;-17.1;;;;;;
2023;4;2;2;-9.4;735.3;781.1;0.7;61;0;2;;;0;0;;;;;;;;;;;-15.6;;;;;;
2023;4;2;5;-11.0;735.4;781.6;0.1;69;0;1;;;0;0;;;;;;;;;;;-15.7;;;;;;
2023;4;2;8;-11.2;736.1;782.3;0.7;70;0;2;;;0;0;;;-11.9;;0.0;0.0;0.0;0.0;0.0;50.0;-15.6;0.0;12.0;;;0.0;4.0
2023;4;2;11;-6.4;736.2;781.6;0.1;46;0;3;;;0;0;;;;;0.0;0.0;0.0;0.0;0.0;50.0;-16.3;;;;;;
2023;4;2;14;-5.0;735.1;780.1;-1.1;31;0;4;10.0;10.0;0;0;;;;;0.0;0.0;0.0;0.0;0.0;50.0;-19.7;;;;;;
2023;4;2;17;-4.6;734.3;779.2;-0.8;27;0;3;;11.0;0;0;;;;;0.0;0.0;0.0;0.0;0.0;50.0;-20.9;;;;;;
2023;4;2;20;-6.4;734.6;779.9;0.3;40;0;2;;11.0;0;0;;;;-3.6;0.0;0.0;0.0;0.0;0.0;50.0;-17.9;0.0;12.0;;;;
2023;4;2;23;-8.3;735.1;780.7;0.5;57;0;2;;;0;0;;;;;;;;;;;-15.3;;;;;;
2023;4;3;2;-9.9;734.8;780.7;-0.3;60;0;1;;;0;0;;;;;;;;;;;-16.3;;;;;;
2023;4;3;5;-14.4;734.8;781.5;0.0;72;0;1;;;0;0;;;;;;;;;;;-18.4;;;;;;
2023;4;3;8;-13.4;735.2;781.8;0.4;75;0;2;;;0;0;;;-15.2;;;;;;;20.0;-17.0;0.0;12.0;;;0.0;3.0
2023;4;3;11;-5.0;734.5;779.5;-0.7;41;0;1;;;0;0;;;;;0.0;0.0;0.0;0.0;0.0;50.0;-16.2;;;;;;
2023;4;3;14;-1.9;732.7;777.1;-1.8;22;0;2;;;0;0;;;;;0.0;0.0;0.0;0.0;0.0;50.0;-21.1;;;;;;
2023;4;3;17;0.1;730.5;774.4;-2.2;18;0;1;;;0;0;;;;;0.0;0.0;0.0;0.0;0.0;50.0;-21.8;;;;;;
2023;4;3;20;-2.2;730.1;774.4;-0.4;25;0;1;;;0;0;;;;0.1;0.0;0.0;0.0;0.0;0.0;50.0;-19.8;0.0;12.0;;;;
2023;4;3;23;-4.9;730.0;774.7;-0.1;35;0;2;;;0;0;;;;;0.0;0.0;0.0;0.0;0.0;;-18.1;;;;;;
2023;4;4;2;-7.5;729.5;774.7;-0.5;46;0;3;;;0;0;;;;;;;;;;;-17.3;;;;;;
2023;4;4;5;-8.8;729.7;775.1;0.2;52;0;1;;;0;0;;;;;0.0;0.0;0.0;0.0;0.0;;-17.0;;;;;;
2023;4;4;8;-8.0;729.8;775.1;0.1;50;0;1;;;0;0;;;-9.6;;0.0;0.0;0.0;0.0;;50.0;-16.7;0.0;12.0;;;0.0;Менее 0.5
2023;4;4;11;1.8;729.0;772.4;-0.8;25;0;1;;;0;0;;;;;0.0;0.0;0.0;0.0;0.0;50.0;-16.1;;;;;;
2023;4;4;14;6.8;726.6;769.1;-2.4;23;0;2;;;0;0;;;;;0.0;0.0;0.0;0.0;0.0;50.0;-13.1;;;;;;
2023;4;4;17;7.5;724.6;766.9;-2.0;22;0;1;;;0;0;;;;;0.0;0.0;0.0;0.0;0.0;50.0;-12.9;;;;;;
2023;4;4;20;4.7;724.0;766.7;-0.6;27;0;1;;;0;0;;;;8.5;0.0;0.0;0.0;0.0;0.0;50.0;-12.9;0.0;12.0;;;;
2023;4;4;23;-0.2;723.7;767.2;-0.3;49;0;0;;;0;0;;;;;0.0;0.0;0.0;0.0;0.0;;-9.7;;;;;;
2023;4;5;2;-2.4;723.1;766.9;-0.6;66;0;1;;;0;0;;;;;0.0;0.0;0.0;0.0;0.0;;-8.0;;;;;;
2023;4;5;5;-2.9;722.7;766.5;-0.4;68;0;0;;;0;0;;;;;0.0;0.0;0.0;0.0;0.0;;-8.0;;;;;;
2023;4;5;8;-1.0;723.7;767.3;1.0;67;0;1;;;0;0;;;-3.0;;0.0;0.0;0.0;0.0;0.0;20.0;-6.5;0.0;12.0;;;0.0;Менее 0.5
2023;4;5;11;-1.1;726.9;770.7;3.2;69;0;4;;14.0;0;0;0.0;0.0;;;0.0;0.0;0.0;;;10.0;-6.1;;;;;;
2023;4;5;14;0.6;728.3;771.9;1.4;45;0;5;10.0;;0;0;0.0;0.0;;;0.0;0.0;0.0;0.0;0.0;50.0;-10.2;;;;;;
2023;4;5;17;0.2;728.5;772.2;0.2;37;0;4;10.0;14.0;0;0;0.0;0.0;;;0.0;0.0;0.0;0.0;0.0;50.0;-12.9;;;;;;
2023;4;5;20;-1.3;729.4;773.5;0.9;34;0;2;;13.0;0;0;0.0;0.0;;0.7;0.0;0.0;0.0;0.0;0.0;50.0;-15.4;0.0;12.0;;;;
2023;4;5;23;-4.0;730.5;775.0;1.1;45;0;2;;;0;0;;;;;;;;;;;-14.3;;;;;;
2023;4;6;2;-5.3;730.6;775.3;0.1;49;0;1;;;0;0;;;;;;;;;;;-14.5;;;;;;
2023;4;6;5;-9.0;730.0;775.3;-0.6;71;0;1;;;0;0;;;;;;;;;;;-13.3;;;;;;
2023;4;6;8;-8.0;729.1;774.3;-0.9;65;0;1;;;0;0;;;-9.5;;0.0;0.0;0.0;0.0;0.0;50.0;-13.5;0.0;12.0;;;0.0;Менее 0.5
2023;4;6;11;0.2;727.5;771.1;-1.6;32;0;3;;;0;0;;;;;0.0;0.0;0.0;0.0;0.0;50.0;-14.8;;;;;;
2023;4;6;14;5.7;725.1;767.8;-2.4;22;0;2;;;0;0;;;;;0.0;0.0;0.0;0.0;0.0;50.0;-14.5;;;;;;
2023;4;6;17;7.1;723.3;765.6;-1.8;18;0;3;;;0;0;;;;;0.0;0.0;0.0;0.0;0.0;50.0;-15.9;;;;;;
2023;4;6;20;2.8;722.0;764.9;-1.3;29;0;2;;;0;0;;;;7.4;0.0;0.0;0.0;0.0;0.0;50.0;-13.5;0.0;12.0;;;;
2023;4;6;23;-0.6;721.0;764.4;-1.0;36;0;3;;;0;0;;;;;;;;;;;-14.1;;;;;;
2023;4;7;2;-2.4;719.9;763.6;-1.1;53;0;3;;;0;0;;;;;;;;;;;-10.7;;;;;;
2023;4;7;5;-3.8;718.9;762.7;-1.0;60;0;4;;;0;0;;;;;;;;;;;-10.6;;;;;;
2023;4;7;8;-2.9;718.2;761.8;-0.7;55;0;4;;;0;0;;;-4.1;;0.0;0.0;0.0;0.0;0.0;50.0;-10.7;0.0;12.0;;;0.0;Снежный покров не постоянный.
2023;4;7;11;7.3;716.7;758.5;-1.5;24;0;3;;;0;0;;;;;0.0;0.0;0.0;0.0;0.0;50.0;-12.3;;;;;;
2023;4;7;14;15.8;713.7;754.2;-3.0;11;0;4;;;0;0;;;;;0.0;0.0;0.0;0.0;0.0;50.0;-15.0;;;;;;
2023;4;7;17;18.8;711.0;750.9;-2.7;10;0;1;;;0;0;;;;;0.0;0.0;0.0;0.0;0.0;50.0;-13.7;;;;;;
2023;4;7;20;11.7;710.1;751.0;-0.9;15;0;0;;;0;0;;;;18.9;0.0;0.0;0.0;0.0;0.0;50.0;-14.2;0.0;12.0;;;;
2023;4;7;23;5.6;709.8;751.6;-0.3;27;0;1;;;0;0;;;;;0.0;0.0;0.0;0.0;0.0;;-12.3;;;;;;
2023;4;8;2;1.0;709.6;752.0;-0.2;46;0;1;;;0;0;;;;;;;;;;;-9.4;;;;;;
2023;4;8;5;-0.9;708.9;751.6;-0.7;55;0;1;;;0;0;;;;;0.0;0.0;0.0;0.0;0.0;;-8.9;;;;;;
2023;4;8;8;0.6;709.2;751.7;0.3;46;0;1;;;0;0;;;-1.4;;0.0;0.0;0.0;0.0;0.0;50.0;-9.7;0.0;12.0;;;0.0;Снежный покров не постоянный.
2023;4;8;11;3.1;713.4;755.7;4.2;58;0;3;;13.0;0;0;;;;;0.0;0.0;0.0;;;50.0;-4.5;;;;;;
2023;4;8;14;3.9;715.3;757.6;1.9;48;0;4;;11.0;0;0;;;;;0.0;0.0;0.0;0.0;0.0;50.0;-6.2;;;;;;
2023;4;8;17;4.7;716.0;758.2;0.7;34;0;4;;;0;0;;;;;0.0;0.0;0.0;0.0;0.0;50.0;-10.1;;;;;;
2023;4;8;20;0.5;716.5;759.4;0.5;47;0;3;;;0;0;;;;5.5;0.0;0.0;0.0;0.0;0.0;50.0;-9.7;0.0;12.0;;;;
2023;4;8;23;-0.8;716.1;759.2;-0.4;52;0;1;;;0;0;;;;;0.0;0.0;0.0;0.0;;;-9.5;;;;;;
2023;4;9;2;-2.5;714.4;757.7;-1.7;65;0;1;;;0;0;;;;;0.0;0.0;0.0;0.0;0.0;;-8.3;;;;;;
2023;4;9;5;-2.9;713.4;756.7;-1.0;67;0;0;;;0;0;;;;;0.0;0.0;0.0;0.0;;;-8.2;;;;;;
2023;4;9;8;-3.2;712.9;756.2;-0.5;72;0;1;;;0;0;;;-3.6;;0.0;0.0;0.0;0.0;0.0;50.0;-7.5;0.0;12.0;;;;
2023;4;9;11;-0.9;711.9;754.8;-1.0;58;0;2;;;0;0;;;;;0.0;0.0;0.0;0.0;;50.0;-8.3;;;;;;
2023;4;9;14;-2.6;711.7;754.9;-0.2;86;0;3;;;0;0;0.0;0.0;;;0.0;0.0;0.0;;;1.0;-4.6;;;;;;
2023;4;9;17;-2.0;712.0;755.0;0.3;84;0;4;;;0;0;0.0;0.0;;;0.0;0.0;0.0;;;2.0;-4.3;;;;;;
2023;4;9;20;-2.4;712.6;755.8;0.6;78;0;2;;;0;0;0.0;0.0;;-0.7;0.0;0.0;0.0;;;10.0;-5.8;0.0;12.0;;;;
2023;4;9;23;-3.1;713.0;756.4;0.4;78;0;2;;;0;0;0.0;0.0;;;0.0;0.0;0.0;0.0;0.0;;-6.5;;;;;;
2023;4;10;2;-3.4;714.7;758.2;1.7;82;0;3;;;0;0;0.0;0.0;;;0.0;0.0;0.0;;;;-6.0;;;;;;
2023;4;10;5;-4.4;715.5;759.1;0.8;76;0;2;;;0;0;0.0;0.0;;;0.0;0.0;0.0;;;;-8.1;;;;;;
2023;4;10;8;-7.7;720.1;764.5;4.6;84;0;4;;19.0;0;0;0.0;0.0;-8.3;;0.0;0.0;0.0;;;4.0;-10.0;0.0;12.0;;;0.0;6.0
2023;4;10;11;-5.7;721.9;766.2;1.8;37;0;6;12.0;14.0;0;0;0.0;0.0;;;0.0;0.0;0.0;0.0;0.0;50.0;-18.2;;;;;;
2023;4;10;14;-3.3;721.0;764.8;-0.9;37;0;4;;12.0;0;0;0.0;0.0;;;0.0;0.0;0.0;0.0;0.0;50.0;-16.1;;;;;;
2023;4;10;17;-2.1;720.6;764.2;-0.4;26;0;5;13.0;13.0;0;0;;;;;0.0;0.0;0.0;0.0;0.0;50.0;-19.1;;;;;;
2023;4;10;20;-4.0;721.9;765.9;1.3;44;0;2;;13.0;0;0;;;;-1.9;0.0;0.0;0.0;0.0;0.0;50.0;-14.5;0.0;12.0;;;;
2023;4;10;23;-6.6;721.6;766.0;-0.3;58;0;1;;;0;0;;;;;;;;;;;-13.5;;;;;;
2023;4;11;2;-9.4;720.9;765.7;-0.7;71;0;4;;;0;0;;;;;;;;;;;-13.7;;;;;;
2023;4;11;5;-10.2;719.6;764.5;-1.3;70;0;2;;;0;0;;;;;;;;;;;-14.6;;;;;;
2023;4;11;8;-8.6;718.8;763.4;-0.8;61;0;3;;;0;0;;;-10.5;;0.0;0.0;0.0;0.0;0.0;50.0;-14.9;0.0;12.0;;;0.0;4.0
2023;4;11;11;1.5;717.1;760.0;-1.7;29;0;4;;;0;0;;;;;0.0;0.0;0.0;0.0;0.0;50.0;-14.8;;;;;;
2023;4;11;14;7.0;714.2;756.0;-2.9;24;0;3;;;0;0;;;;;0.0;0.0;0.0;0.0;0.0;50.0;-12.3;;;;;;
2023;4;11;17;7.4;712.0;753.5;-2.2;24;0;4;;;0;0;;;;;0.0;0.0;0.0;0.0;0.0;50.0;-12.0;;;;;;
2023;4;11;20;3.3;710.9;753.1;-1.1;37;0;2;;;0;0;;;;8.3;0.0;0.0;0.0;0.0;0.0;50.0;-10.1;0.0;12.0;;;;
2023;4;11;23;0.0;710.5;753.1;-0.4;48;0;2;;;0;0;;;;;0.0;0.0;0.0;0.0;;;-9.8;;;;;;
2023;4;12;2;-1.1;710.3;753.1;-0.2;57;0;2;;;0;0;;;;;0.0;0.0;0.0;0.0;;;-8.6;;;;;;
2023;4;12;5;-2.1;711.2;754.3;0.9;53;0;2;;;0;0;;;;;0.0;0.0;0.0;;;;-10.4;;;;;;
2023;4;12;8;-1.8;713.8;757.0;2.6;52;0;2;;;0;0;;;-2.5;;0.0;0.0;0.0;0.0;0.0;50.0;-10.5;0.0;12.0;;;0.0;Снежный покров не постоянный.
2023;4;12;11;5.5;715.9;758.0;2.1;45;0;3;;;0;0;;;;;0.0;0.0;0.0;0.0;0.0;50.0;-5.7;;;;;;
2023;4;12;14;4.2;716.6;758.9;0.7;42;0;3;;;0;0;;;;;0.0;0.0;0.0;;;50.0;-7.8;;;;;;
2023;4;12;17;2.8;717.6;760.2;1.0;58;0;3;;;0;0;0.0;0.0;;;0.0;0.0;0.0;;;10.0;-4.8;;;;;;
2023;4;12;20;-0.6;719.5;762.7;1.9;91;0;2;;;0;0;0.0;0.0;;5.6;0.0;0.0;0.0;;;2.0;-1.9;0.0;12.0;;;;
2023;4;12;23;-1.7;722.2;765.9;2.7;93;0;3;;;0;0;0.0;0.0;;;0.0;0.0;0.0;;;;-2.7;;;;;;
2023;4;13;2;-2.2;724.6;768.4;2.4;92;0;2;;;0;0;0.0;0.0;;;0.0;0.0;0.0;;;;-3.3;;;;;;
2023;4;13;5;-2.3;726.5;770.5;1.9;73;0;3;;;0;0;0.0;0.0;;;0.0;0.0;0.0;;;;-6.5;;;;;;
2023;4;13;8;-3.4;728.8;773.1;2.3;61;0;3;;;0;0;0.0;0.0;-3.8;;0.0;0.0;0.0;0.0;0.0;50.0;-10.0;0.0;12.0;;;0.0;17.0
2023;4;13;11;0.1;729.3;773.0;0.5;35;0;3;;;0;0;;;;;0.0;0.0;0.0;0.0;0.0;50.0;-13.6;;;;;;
2023;4;13;14;1.8;728.2;771.7;-1.1;28;0;2;;;0;0;;;;;0.0;0.0;0.0;0.0;0.0;50.0;-14.8;;;;;;
2023;4;13;17;3.0;726.8;769.9;-1.4;28;0;2;;;0;0;;;;;0.0;0.0;0.0;0.0;0.0;50.0;-14.0;;;;;;
2023;4;13;20;0.4;726.1;769.6;-0.7;34;0;1;;;0;0;;;;4.4;0.0;0.0;0.0;0.0;0.0;50.0;-13.8;0.0;12.0;;;;
2023;4;13;23;-2.4;725.5;769.5;-0.6;46;0;3;;;0;0;;;;;;;;;;;-12.6;;;;;;
2023;4;14;2;-3.9;724.1;768.3;-1.4;48;0;3;;;0;0;;;;;;;;;;;-13.4;;;;;;
2023;4;14;5;-5.0;722.6;766.9;-1.5;52;0;2;;;0;0;;;;;0.0;0.0;0.0;0.0;0.0;;-13.5;;;;;;
2023;4;14;8;-3.4;722.5;766.5;-0.1;50;0;2;;;0;0;;;-5.6;;0.0;0.0;0.0;0.0;0.0;50.0;-12.4;0.0;12.0;;;0.0;6.0
2023;4;14;11;3.0;721.6;764.5;-0.9;32;0;4;;;0;0;;;;;0.0;0.0;0.0;0.0;0.0;50.0;-12.4;;;;;;
2023;4;14;14;7.2;719.9;762.1;-1.7;23;0;2;;;0;0;;;;;;;;;;50.0;-12.5;;;;;;
2023;4;14;17;7.8;718.0;759.9;-1.9;24;0;5;;;0;0;;;;;0.0;0.0;0.0;0.0;0.0;50.0;-11.6;;;;;;
2023;4;14;20;4.6;717.3;759.7;-0.7;27;0;2;;;0;0;;;;8.7;0.0;0.0;0.0;0.0;0.0;50.0;-12.8;0.0;12.0;;;;
2023;4;14;23;0.5;716.3;759.3;-1.0;40;0;3;;;0;0;;;;;0.0;0.0;0.0;0.0;0.0;;-11.6;;;;;;
2023;4;15;2;-2.2;714.4;757.6;-1.9;57;0;2;;;0;0;;;;;;;;;;;-9.6;;;;;;
2023;4;15;5;-3.4;712.0;755.2;-2.4;63;0;3;;;0;0;;;;;;;;;;;-9.5;;;;;;
2023;4;15;8;-2.0;709.6;752.6;-2.4;58;0;4;;;0;0;;;-4.0;;0.0;0.0;0.0;0.0;0.0;50.0;-9.2;0.0;12.0;;;0.0;Менее 0.5
2023;4;15;11;5.5;707.0;748.6;-2.6;31;0;2;;;0;0;;;;;0.0;0.0;0.0;0.0;0.0;50.0;-10.5;;;;;;
2023;4;15;14;7.8;705.4;746.5;-1.6;29;0;3;;;0;0;;;;;0.0;0.0;0.0;;;50.0;-9.2;;;;;;
2023;4;15;17;2.9;708.2;750.3;2.8;53;0;5;14.0;;0;0;;;;;0.0;0.0;0.0;0.0;0.0;50.0;-5.8;;;;;;
2023;4;15;20;-2.7;712.3;755.5;4.1;75;0;5;11.0;14.0;0;0;0.0;0.0;;9.2;0.0;0.0;0.0;;;4.0;-6.5;0.0;12.0;;;;
2023;4;15;23;-4.2;714.1;757.6;1.8;79;0;3;;12.0;0;0;0.0;0.0;;;0.0;0.0;0.0;;;;-7.4;;;;;;
2023;4;16;2;-4.4;713.4;757.0;-0.7;62;0;3;;;0;0;0.0;0.0;;;0.0;0.0;0.0;;;;-10.7;;;;;;
2023;4;16;5;-5.5;713.7;757.4;0.3;61;0;2;;;0;0;;;;;0.0;0.0;0.0;0.0;0.0;;-12.0;;;;;;
2023;4;16;8;-5.1;715.0;758.8;1.3;61;0;3;;;0;0;;;-5.7;;0.0;0.0;0.0;0.0;0.0;50.0;-11.6;0.0;12.0;;;0.0;2.0
2023;4;16;11;-2.6;715.5;758.8;0.5;44;0;3;;;0;0;;;;;0.0;0.0;0.0;0.0;0.0;50.0;-13.2;;;;;;
2023;4;16;14;0.4;715.1;757.9;-0.4;35;0;3;;;0;0;0.0;0.0;;;0.0;0.0;0.0;0.0;0.0;50.0;-13.5;;;;;;
2023;4;16;17;0.9;713.8;756.5;-1.3;29;0;1;;;0;0;;;;;0.0;0.0;0.0;0.0;0.0;50.0;-15.3;;;;;;
2023;4;16;20;-0.1;714.5;757.4;0.7;33;0;0;;;0;0;;;;1.5;0.0;0.0;0.0;0.0;0.0;50.0;-14.5;0.0;12.0;;;;
2023;4;16;23;-0.8;715.6;758.7;1.1;42;0;1;;;0;0;;;;;0.0;0.0;0.0;0.0;0.0;;-12.1;;;;;;
2023;4;17;2;-2.4;716.6;760.0;1.0;52;0;0;;;0;0;;;;;0.0;0.0;0.0;0.0;0.0;;-11.1;;;;;;
2023;4;17;5;-4.4;718.0;761.8;1.4;68;0;0;;;0;0;;;;;0.0;0.0;0.0;0.0;0.0;;-9.5;;;;;;
2023;4;17;8;-2.7;720.1;763.8;2.1;59;0;1;;;0;0;;;-4.8;;0.0;0.0;0.0;0.0;0.0;20.0;-9.7;0.0;12.0;;;0.0;Снежный покров не постоянный.
2023;4;17;11;2.4;721.8;764.7;1.7;30;0;2;;;0;0;;;;;0.0;0.0;0.0;0.0;0.0;50.0;-13.5;;;;;;
2023;4;17;14;4.6;721.1;763.6;-0.7;22;0;1;;;0;0;;;;;0.0;0.0;0.0;0.0;0.0;50.0;-15.5;;;;;;
2023;4;17;17;5.5;719.0;761.3;-2.1;23;0;2;;;0;0;;;;;0.0;0.0;0.0;0.0;0.0;50.0;-14.3;;;;;;
2023;4;17;20;2.5;716.2;758.9;-2.8;32;0;3;;;0;0;;;;6.1;0.0;0.0;0.0;0.0;0.0;50.0;-12.8;0.0;12.0;;;;
2023;4;17;23;1.9;712.9;755.4;-3.3;31;0;2;;;0;0;;;;;0.0;0.0;0.0;0.0;;;-13.7;;;;;;
2023;4;18;2;2.9;709.6;751.7;-3.3;35;0;2;;;0;0;;;;;0.0;0.0;0.0;0.0;;;-11.3;;;;;;
2023;4;18;5;4.6;707.8;749.6;-1.8;42;0;2;;10.0;0;0;;;;;0.0;0.0;0.0;;;;-7.4;;;;;;
2023;4;18;8;4.3;710.9;752.8;3.1;44;0;1;;;0;0;0.0;0.0;1.5;;0.0;0.0;0.0;;;20.0;-7.1;0.0;12.0;;;0.0;Снежный покров не постоянный.
2023;4;18;11;5.5;712.6;754.5;1.7;67;0;1;;;0;0;0.0;0.0;0.9;;0.0;0.0;0.0;0.0;0.0;20.0;-0.3;;;;;;
2023;4;18;14;9.0;712.7;754.1;0.1;43;0;1;;;0;0;0.0;0.0;;;0.0;0.0;0.0;0.0;0.0;50.0;-3.1;;;;;;
2023;4;18;17;9.2;711.4;752.7;-1.3;44;0;2;;;0;0;;;;;0.0;0.0;0.0;;;50.0;-2.6;;;;;;
2023;4;18;20;4.8;713.0;755.0;1.6;79;0;1;;;0;0;0.0;0.0;;10.4;0.0;0.0;0.0;;;4.0;1.5;0.0;12.0;;;;
2023;4;18;23;-1.2;717.8;761.1;4.8;93;0;6;10.0;;0;0;0.0;0.0;;;0.0;0.0;0.0;;;;-2.2;;;;;;
2023;4;19;2;-2.5;721.5;765.1;3.7;93;0;5;13.0;14.0;0;0;0.0;0.0;;;0.0;0.0;0.0;;;;-3.5;;;;;;
2023;4;19;5;-4.3;724.0;768.1;2.5;84;0;3;;13.0;0;0;0.0;0.0;;;0.0;0.0;0.0;;;;-6.6;;;;;;
2023;4;19;8;-3.5;725.2;769.3;1.2;65;0;2;;;0;0;0.0;0.0;-5.4;;0.0;0.0;0.0;0.0;0.0;50.0;-9.2;0.0;12.0;;;0.0;10.0
2023;4;19;11;0.7;724.3;767.7;-0.9;30;0;1;;;0;0;;;;;0.0;0.0;0.0;0.0;0.0;50.0;-15.0;;;;;;
2023;4;19;14;0.8;722.3;765.5;-2.0;33;0;1;;;0;0;;;;;0.0;0.0;0.0;0.0;;50.0;-13.7;;;;;;
2023;4;19;17;0.0;721.1;764.4;-1.2;54;0;3;;;0;0;0.0;0.0;;;0.0;0.0;0.0;0.0;0.0;50.0;-8.2;;;;;;
2023;4;19;20;-3.0;722.2;766.0;1.1;60;0;7;18.0;18.0;0;0;0.0;0.0;;2.7;0.0;0.0;0.0;;;20.0;-9.8;0.0;12.0;;;;
2023;4;19;23;-7.7;727.5;772.5;5.3;65;0;4;;18.0;0;0;0.0;0.0;;;0.0;0.0;0.0;0.0;;;-13.2;;;;;;
2023;4;20;2;-8.6;728.8;774.0;1.3;55;0;2;;;0;0;0.0;0.0;;;0.0;0.0;0.0;0.0;0.0;;-16.1;;;;;;
2023;4;20;5;-10.2;728.4;773.9;-0.4;64;0;1;;;0;0;;;;;;;;;;;-15.8;;;;;;
2023;4;20;8;-7.8;729.1;774.2;0.7;52;0;1;;;0;0;;;-10.6;;;;;;;50.0;-16.1;0.0;12.0;;;0.0;4.0
2023;4;20;11;-2.1;729.2;773.4;0.1;24;0;1;;;0;0;;;;;0.0;0.0;0.0;0.0;0.0;50.0;-20.1;;;;;;
2023;4;20;14;0.7;727.9;771.5;-1.3;21;0;1;;;0;0;;;;;0.0;0.0;0.0;0.0;0.0;50.0;-19.3;;;;;;
2023;4;20;17;1.8;726.4;769.6;-1.5;19;0;2;;;0;0;;;;;0.0;0.0;0.0;0.0;0.0;50.0;-19.7;;;;;;
2023;4;20;20;0.1;726.2;769.8;-0.2;21;0;2;;;0;0;;;;2.2;0.0;0.0;0.0;0.0;0.0;50.0;-19.7;0.0;12.0;;;;
2023;4;20;23;-2.5;727.2;771.3;1.0;32;0;2;;;0;0;;;;;0.0;0.0;0.0;0.0;0.0;;-17.2;;;;;;
2023;4;21;2;-5.2;727.7;772.3;0.5;56;0;1;;;0;0;;;;;0.0;0.0;0.0;0.0;0.0;;-12.7;;;;;;
2023;4;21;5;-6.8;728.2;773.1;0.5;55;0;1;;;0;0;;;;;0.0;0.0;0.0;0.0;0.0;;-14.5;;;;;;
2023;4;21;8;-4.7;729.2;773.8;1.0;56;0;0;;;0;0;;;-7.0;;0.0;0.0;0.0;0.0;0.0;50.0;-12.3;0.0;12.0;;;0.0;1.0
2023;4;21;11;-0.6;729.4;773.3;0.2;34;0;1;;;0;0;;;;;0.0;0.0;0.0;0.0;0.0;50.0;-14.7;;;;;;
2023;4;21;14;3.2;728.5;771.7;-0.9;24;0;2;;;0;0;;;;;0.0;0.0;0.0;0.0;0.0;50.0;-15.7;;;;;;
2023;4;21;17;3.6;727.6;770.8;-0.9;22;0;1;;;0;0;;;;;0.0;0.0;0.0;0.0;0.0;50.0;-16.3;;;;;;
2023;4;21;20;0.7;728.1;771.7;0.5;29;0;0;;;0;0;;;;4.5;0.0;0.0;0.0;0.0;0.0;50.0;-15.6;0.0;12.0;;;;
2023;4;21;23;-1.7;729.1;773.2;1.0;43;0;2;;;0;0;;;;;;;;;;;-12.8;;;;;;
2023;4;22;2;-3.3;729.5;773.8;0.4;53;0;2;;;0;0;;;;;;;;;;;-11.7;;;;;;
2023;4;22;5;-4.9;729.6;774.2;0.1;61;0;2;;;0;0;;;;;0.0;0.0;0.0;0.0;0.0;;-11.3;;;;;;
2023;4;22;8;-2.9;730.6;775.0;1.0;48;0;1;;;0;0;;;-5.0;;0.0;0.0;0.0;0.0;0.0;50.0;-12.5;0.0;12.0;;;0.0;Снежный покров не постоянный.
2023;4;22;11;3.8;731.0;774.3;0.4;30;0;1;;;0;0;;;;;0.0;0.0;0.0;0.0;0.0;50.0;-12.5;;;;;;
2023;4;22;14;6.3;730.2;773.0;-0.8;17;0;1;;;0;0;;;;;0.0;0.0;0.0;0.0;0.0;50.0;-16.8;;;;;;
2023;4;22;17;7.1;729.5;772.2;-0.7;18;0;2;;;0;0;;;;;0.0;0.0;0.0;0.0;0.0;50.0;-15.8;;;;;;
2023;4;22;20;4.2;730.0;773.1;0.5;24;0;2;;;0;0;;;;8.3;0.0;0.0;0.0;0.0;0.0;50.0;-14.6;0.0;12.0;;;;
2023;4;22;23;0.4;730.9;774.7;0.9;36;0;3;;;0;0;;;;;;;;;;;-13.2;;;;;;
2023;4;23;2;-1.9;730.8;775.0;-0.1;51;0;3;;;0;0;;;;;;;;;;;-10.7;;;;;;
2023;4;23;5;-2.9;730.9;775.3;0.1;59;0;1;;;0;0;;;;;;;;;;;-9.9;;;;;;
2023;4;23;8;-0.1;731.8;775.8;0.9;46;0;0;;;0;0;;;-3.9;;0.0;0.0;0.0;0.0;0.0;50.0;-10.4;0.0;12.0;;;;
2023;4;23;11;5.9;732.1;775.1;0.3;24;0;2;;;0;0;;;;;0.0;0.0;0.0;0.0;0.0;50.0;-13.1;;;;;;
2023;4;23;14;9.5;730.4;772.8;-1.7;20;0;2;;;0;0;;;;;0.0;0.0;0.0;0.0;0.0;50.0;-12.6;;;;;;
2023;4;23;17;9.8;729.1;771.4;-1.3;14;0;2;;;0;0;;;;;0.0;0.0;0.0;0.0;0.0;50.0;-16.2;;;;;;
2023;4;23;20;7.4;728.9;771.5;-0.2;25;0;2;;;0;0;;;;10.4;0.0;0.0;0.0;0.0;0.0;50.0;-11.7;0.0;12.0;;;;
2023;4;23;23;3.2;729.7;772.9;0.8;39;0;1;;;0;0;;;;;0.0;0.0;0.0;0.0;0.0;;-9.7;;;;;;
2023;4;24;2;-1.3;729.6;773.6;-0.1;61;0;1;;;0;0;;;;;;;;;;;-8.0;;;;;;
2023;4;24;5;-3.1;729.4;773.6;-0.2;68;0;0;;;0;0;;;;;;;;;;;-8.3;;;;;;
2023;4;24;8;-0.7;729.5;773.4;0.1;62;0;1;;;0;0;;;-3.7;;;;;;;50.0;-7.1;0.0;12.0;;;;
2023;4;24;11;6.5;728.6;771.3;-0.9;27;0;3;;;0;0;;;;;0.0;0.0;0.0;0.0;0.0;50.0;-11.2;;;;;;
2023;4;24;14;10.8;726.4;768.3;-2.2;22;0;3;;;0;0;;;;;0.0;0.0;0.0;0.0;0.0;50.0;-10.2;;;;;;
2023;4;24;17;9.8;724.6;766.6;-1.8;23;0;4;;;0;0;;;;;0.0;0.0;0.0;0.0;0.0;50.0;-10.6;;;;;;
2023;4;24;20;5.8;723.3;765.8;-1.3;31;0;2;;;0;0;;;;11.2;;;;;;50.0;-10.2;0.0;12.0;;;;
2023;4;24;23;2.0;722.6;765.7;-0.7;36;0;1;;;0;0;;;;;;;;;;;-11.7;;;;;;
2023;4;25;2;-0.5;720.1;763.3;-2.5;53;0;2;;;0;0;;;;;;;;;;;-9.0;;;;;;
2023;4;25;5;-0.9;717.5;760.8;-2.6;54;0;2;;;0;0;;;;;0.0;0.0;0.0;0.0;0.0;;-9.1;;;;;;
2023;4;25;8;0.5;715.9;758.8;-1.6;46;0;4;;;0;0;;;-1.4;;0.0;0.0;0.0;0.0;0.0;50.0;-9.9;0.0;12.0;;;;
2023;4;25;11;7.4;714.3;756.0;-1.6;29;0;4;;;0;0;;;;;0.0;0.0;0.0;0.0;0.0;50.0;-9.8;;;;;;
2023;4;25;14;15.2;712.5;753.0;-1.8;14;0;2;;;0;0;;;;;0.0;0.0;0.0;0.0;0.0;50.0;-11.9;;;;;;
2023;4;25;17;16.5;711.0;751.2;-1.5;13;0;2;;;0;0;;;;;0.0;0.0;0.0;0.0;0.0;50.0;-11.9;;;;;;
2023;4;25;20;10.6;710.6;751.6;-0.4;22;0;2;;;0;0;;;;16.9;0.0;0.0;0.0;0.0;0.0;50.0;-10.3;0.0;12.0;;;;
2023;4;25;23;5.0;711.4;753.3;0.8;32;0;3;;;0;0;;;;;0.0;0.0;0.0;0.0;0.0;;-10.5;;;;;;
2023;4;26;2;6.6;713.0;754.7;1.6;63;0;5;10.0;10.0;0;0;;;;;0.0;0.0;0.0;0.0;0.0;;-0.1;;;;;;
2023;4;26;5;0.6;715.2;758.0;2.2;84;0;4;11.0;;0;0;0.0;0.0;;;0.0;0.0;0.0;;;;-1.8;;;;;;
2023;4;26;8;-2.4;717.4;760.9;2.2;86;0;5;13.0;16.0;0;0;0.0;0.0;-2.5;;0.0;0.0;0.0;;;1.0;-4.5;0.0;12.0;;;0.0;1.0
2023;4;26;11;-2.8;718.2;761.8;0.8;88;0;4;;;0;0;0.0;0.0;-3.1;;0.0;0.0;0.0;;;0.5;-4.5;;;;;;
2023;4;26;14;-2.5;718.0;761.5;-0.2;89;0;3;;12.0;0;0;0.0;0.0;;;0.0;0.0;0.0;;;0.2;-4.1;;;;;;
2023;4;26;17;-2.8;718.3;761.8;0.3;91;0;3;;12.0;0;0;0.0;0.0;;;0.0;0.0;0.0;;;0.5;-4.1;;;;;;
2023;4;26;20;-3.3;719.1;762.7;0.8;91;0;4;;10.0;0;0;0.0;0.0;;-2.4;0.0;0.0;0.0;;;1.0;-4.6;0.0;12.0;;;;
2023;4;26;23;-3.0;719.0;762.7;-0.1;91;0;4;;11.0;0;0;0.0;0.0;;;0.0;0.0;0.0;;;;-4.3;;;;;;
2023;4;27;2;-2.8;719.2;762.8;0.2;92;0;4;10.0;10.0;0;0;0.0;0.0;;;0.0;0.0;0.0;;;;-3.9;;;;;;
2023;4;27;5;-2.7;720.1;763.8;0.9;92;0;4;;10.0;0;0;0.0;0.0;;;0.0;0.0;0.0;;;;-3.8;;;;;;
2023;4;27;8;-2.3;722.2;765.9;2.1;92;0;4;;12.0;0;0;0.0;0.0;-3.3;;0.0;0.0;0.0;;;0.5;-3.4;0.0;12.0;;;0.0;22.0
2023;4;27;11;0.8;723.6;766.9;1.4;65;0;5;;11.0;0;0;0.0;0.0;;;0.0;0.0;0.0;;;20.0;-5.2;;;;;;
2023;4;27;14;4.1;723.8;766.6;0.2;36;0;4;10.0;13.0;0;0;0.0;0.0;;;0.0;0.0;0.0;0.0;0.0;50.0;-9.9;;;;;;
2023;4;27;17;4.8;723.7;766.4;-0.1;36;0;3;;12.0;0;0;;;;;0.0;0.0;0.0;0.0;0.0;50.0;-9.3;;;;;;
2023;4;27;20;3.1;724.2;767.2;0.5;43;0;1;;;0;0;;;;5.6;0.0;0.0;0.0;0.0;0.0;50.0;-8.4;0.0;12.0;;;;
2023;4;27;23;1.7;724.1;767.3;-0.1;59;0;1;;;0;0;;;;;0.0;0.0;0.0;0.0;0.0;;-5.6;;;;;;
2023;4;28;2;0.1;724.2;767.6;0.1;66;0;1;;;0;0;;;;;0.0;0.0;0.0;0.0;0.0;;-5.6;;;;;;
2023;4;28;5;-0.9;723.4;767.0;-0.8;73;0;1;;;0;0;;;;;0.0;0.0;0.0;0.0;;;-5.1;;;;;;
2023;4;28;8;1.1;722.5;765.7;-0.9;63;0;2;;;0;0;;;-1.1;;0.0;0.0;0.0;0.0;;50.0;-5.3;0.0;12.0;;;0.0;10.0
2023;4;28;11;7.4;720.9;763.0;-1.6;36;0;2;;;0;0;;;;;0.0;0.0;0.0;0.0;0.0;50.0;-7.0;;;;;;
2023;4;28;14;11.0;719.2;760.7;-1.7;28;0;2;;;0;0;;;;;0.0;0.0;0.0;0.0;0.0;50.0;-6.8;;;;;;
2023;4;28;17;11.8;718.0;759.3;-1.2;28;0;1;;;0;0;;;;;0.0;0.0;0.0;0.0;0.0;50.0;-6.3;;;;;;
2023;4;28;20;7.4;718.6;760.5;0.6;56;0;1;;;0;0;0.0;0.0;;11.8;0.0;0.0;0.0;;;20.0;-1.0;0.0;12.0;;;;
2023;4;28;23;5.8;718.8;760.9;0.2;70;0;1;;;0;0;0.0;0.0;;;0.0;0.0;0.0;;;;0.7;;;;;;
2023;4;29;2;3.4;718.4;760.9;-0.4;65;0;1;;;0;0;0.0;0.0;;;0.0;0.0;0.0;;;;-2.7;;;;;;
2023;4;29;5;2.7;718.1;760.8;-0.3;67;0;2;;;0;0;0.0;0.0;;;0.0;0.0;0.0;;;;-2.8;;;;;;
2023;4;29;8;3.0;718.0;760.6;-0.1;68;0;2;;;0;0;0.0;0.0;2.7;;0.0;0.0;0.0;;;20.0;-2.4;0.0;12.0;;;0.0;3.0
2023;4;29;11;4.6;717.4;759.7;-0.6;68;0;4;;;0;0;0.0;0.0;;;0.0;0.0;0.0;0.0;0.0;50.0;-0.8;;;;;;
2023;4;29;14;11.2;716.3;757.5;-1.1;51;0;3;;;0;0;0.0;0.0;;;0.0;0.0;0.0;0.0;0.0;50.0;1.4;;;;;;
2023;4;29;17;14.6;714.7;755.2;-1.6;40;0;3;;;0;0;;;;;0.0;0.0;0.0;0.0;0.0;50.0;1.2;;;;;;
2023;4;29;20;8.7;713.6;755.1;-1.1;55;0;3;;;0;0;;;;14.6;0.0;0.0;0.0;0.0;0.0;50.0;0.0;0.0;12.0;;;;
2023;4;29;23;4.9;713.4;755.4;-0.2;67;0;2;;;0;0;;;;;0.0;0.0;0.0;0.0;0.0;;-0.7;;;;;;
2023;4;30;2;2.4;712.5;754.8;-0.9;77;0;4;;;0;0;;;;;;;;;;;-1.3;;;;;;
2023;4;30;5;2.2;711.7;754.0;-0.8;78;0;2;;;0;0;;;;;0.0;0.0;0.0;0.0;0.0;;-1.3;;;;;;
2023;4;30;8;4.2;711.8;753.9;0.1;71;0;1;;;0;0;;;1.7;;0.0;0.0;0.0;0.0;0.0;50.0;-0.7;0.0;12.0;;;;
2023;4;30;11;10.8;710.2;751.2;-1.6;47;0;2;;;0;0;;;;;0.0;0.0;0.0;0.0;0.0;50.0;-0.1;;;;;;
2023;4;30;14;19.0;707.5;747.1;-2.7;28;0;2;;;0;0;;;;;0.0;0.0;0.0;0.0;0.0;50.0;-0.1;;;;;;
2023;4;30;17;21.1;705.2;744.4;-2.3;22;0;0;;;0;0;;;;;0.0;0.0;0.0;0.0;0.0;50.0;-1.3;;;;;;
2023;4;30;20;10.0;708.4;749.2;3.2;56;0;3;11.0;12.0;0;0;;;;23.1;0.0;0.0;0.0;0.0;;50.0;1.5;0.0;12.0;;;;
2023;4;30;23;7.2;709.8;751.2;1.4;63;0;2;;11.0;0;0;;;;;0.0;0.0;0.0;;;;0.5;;;;;;
2023;5;1;2;5.0;710.2;752.0;0.4;79;0;2;;;0;0;0.0;0.0;;;0.0;0.0;0.0;;;;1.6;;;;;;
2023;5;1;5;3.2;710.5;752.6;0.3;84;0;1;;;0;0;0.0;0.0;;;0.0;0.0;0.0;;;;0.7;;;;;;
2023;5;1;8;3.2;711.1;753.2;0.6;83;0;1;;;0;0;0.0;0.0;2.3;;0.0;0.0;0.0;0.0;;20.0;0.6;0.0;12.0;;;;
2023;5;1;11;5.1;711.9;753.7;0.8;57;0;2;;;0;0;0.0;0.0;;;0.0;0.0;0.0;;;20.0;-2.9;;;;;;
2023;5;1;14;6.5;711.1;752.8;-0.8;46;0;2;;;0;0;0.0;0.0;;;0.0;0.0;0.0;;;20.0;-4.5;;;;;;
2023;5;1;17;4.3;711.7;753.7;0.6;64;0;3;;;0;0;0.0;0.0;;;0.0;0.0;0.0;;;20.0;-1.9;;;;;;
2023;5;1;20;3.7;712.9;755.1;1.2;68;0;1;;;0;0;0.0;0.0;;6.7;0.0;0.0;0.0;;;20.0;-1.7;0.0;12.0;;;;
2023;5;1;23;1.1;714.7;757.4;1.8;85;0;1;;;0;0;0.0;0.0;;;0.0;0.0;0.0;;;;-1.1;;;;;;
2023;5;2;2;1.6;715.3;757.9;0.6;81;0;3;;;0;0;0.0;0.0;;;0.0;0.0;0.0;;;;-1.3;;;;;;
2023;5;2;5;0.9;716.8;759.6;1.5;75;0;2;;;0;0;;;;;0.0;0.0;0.0;0.0;0.0;;-3.1;;;;;;
2023;5;2;8;2.4;717.8;760.6;1.0;57;0;3;;;0;0;;;0.8;;0.0;0.0;0.0;0.0;0.0;50.0;-5.4;0.0;12.0;;;;
2023;5;2;11;5.4;718.3;760.6;0.5;38;0;3;;;0;0;;;;;0.0;0.0;0.0;0.0;0.0;50.0;-7.9;;;;;;
2023;5;2;14;6.5;718.6;760.8;0.3;33;0;3;;;0;0;;;;;0.0;0.0;0.0;0.0;0.0;50.0;-8.6;;;;;;
2023;5;2;17;6.9;718.9;761.0;0.3;31;0;3;;;0;0;;;;;0.0;0.0;0.0;0.0;0.0;50.0;-9.0;;;;;;
2023;5;2;20;5.6;720.1;762.5;1.2;34;0;1;;;0;0;;;;7.7;0.0;0.0;0.0;0.0;0.0;50.0;-9.3;0.0;12.0;;;;
2023;5;2;23;2.3;721.6;764.6;1.5;45;0;0;;;0;0;;;;;0.0;0.0;0.0;0.0;0.0;;-8.5;;;;;;
2023;5;3;2;-1.3;722.6;766.2;1.0;69;0;1;;;0;0;;;;;0.0;0.0;0.0;0.0;0.0;;-6.4;;;;;;
2023;5;3;5;-2.6;723.5;767.4;0.9;75;0;0;;;0;0;;;;;0.0;0.0;0.0;0.0;0.0;;-6.4;;;;;;
2023;5;3;8;1.8;724.8;768.0;1.3;61;0;0;;;0;0;;;-3.0;;0.0;0.0;0.0;0.0;0.0;20.0;-5.1;0.0;12.0;;;;
2023;5;3;11;7.1;725.0;767.4;0.2;38;0;1;;;0;0;;;;;0.0;0.0;0.0;0.0;0.0;50.0;-6.4;;;;;;
2023;5;3;14;10.1;724.8;766.7;-0.2;22;0;2;;;0;0;;;;;0.0;0.0;0.0;0.0;0.0;50.0;-10.9;;;;;;
2023;5;3;17;9.6;724.9;766.9;0.1;21;0;2;;;0;0;;;;;0.0;0.0;0.0;0.0;0.0;50.0;-12.0;;;;;;
2023;5;3;20;8.0;726.1;768.4;1.2;27;0;1;;;0;0;;;;11.1;0.0;0.0;0.0;0.0;0.0;50.0;-9.9;0.0;12.0;;;;
2023;5;3;23;4.1;727.1;770.1;1.0;43;0;2;;;0;0;;;;;;;;;;;-7.5;;;;;;
2023;5;4;2;-1.3;727.9;771.9;0.8;66;0;0;;;0;0;;;;;;;;;;;-7.0;;;;;;
2023;5;4;5;-2.2;728.5;772.6;0.6;68;0;1;;;0;0;;;;;0.0;0.0;0.0;0.0;0.0;;-7.4;;;;;;
2023;5;4;8;0.8;729.4;773.1;0.9;65;0;2;;;0;0;;;-2.7;;0.0;0.0;0.0;0.0;0.0;50.0;-5.2;0.0;12.0;;;;
2023;5;4;11;7.1;729.2;771.8;-0.2;38;0;2;;;0;0;;;;;0.0;0.0;0.0;0.0;0.0;50.0;-6.4;;;;;;
2023;5;4;14;9.9;728.2;770.4;-1.0;27;0;2;;;0;0;;;;;0.0;0.0;0.0;0.0;0.0;50.0;-8.3;;;;;;
2023;5;4;17;10.3;727.6;769.7;-0.6;23;0;2;;;0;0;;;;;0.0;0.0;0.0;0.0;0.0;50.0;-9.8;;;;;;
2023;5;4;20;8.9;727.9;770.2;0.3;26;0;1;;;0;0;;;;10.4;0.0;0.0;0.0;0.0;0.0;50.0;-9.7;0.0;12.0;;;;
2023;5;4;23;4.3;729.0;772.0;1.1;39;0;1;;;0;0;;;;;0.0;0.0;0.0;0.0;0.0;;-8.7;;;;;;
2023;5;5;2;0.4;729.0;772.7;0.0;64;0;0;;;0;0;;;;;0.0;0.0;0.0;0.0;0.0;;-5.6;;;;;;
2023;5;5;5;0.1;729.6;773.4;0.6;66;0;0;;;0;0;;;;;0.0;0.0;0.0;0.0;;;-5.5;;;;;;
2023;5;5;8;2.5;730.5;773.9;0.9;59;0;1;;;0;0;;;-1.4;;0.0;0.0;0.0;0.0;0.0;50.0;-4.9;0.0;12.0;;;;
2023;5;5;11;9.8;729.7;772.0;-0.8;34;0;1;;;0;0;;;;;0.0;0.0;0.0;0.0;0.0;50.0;-5.3;;;;;;
2023;5;5;14;11.4;728.8;770.7;-0.9;29;0;2;;;0;0;0.0;0.0;;;0.0;0.0;0.0;0.0;0.0;50.0;-6.3;;;;;;
2023;5;5;17;9.5;728.5;770.7;-0.3;38;0;2;;12.0;0;0;0.0;0.0;;;0.0;0.0;0.0;;;50.0;-4.1;;;;;;
2023;5;5;20;8.7;728.3;770.6;-0.2;47;0;1;;;0;0;0.0;0.0;;12.3;0.0;0.0;0.0;0.0;0.0;50.0;-2.1;0.0;12.0;;;;
2023;5;5;23;5.0;728.8;771.7;0.5;60;0;1;;;0;0;;;;;0.0;0.0;0.0;0.0;0.0;;-2.1;;;;;;
2023;5;6;2;2.6;729.0;772.3;0.2;71;0;2;;;0;0;;;;;;;;;;;-2.1;;;;;;
2023;5;6;5;0.4;728.6;772.3;-0.4;78;0;2;;;0;0;;;;;0.0;0.0;0.0;0.0;0.0;;-3.0;;;;;;
2023;5;6;8;4.0;728.8;771.9;0.2;62;0;2;;;0;0;;;0.2;;0.0;0.0;0.0;0.0;0.0;50.0;-2.7;0.0;12.0;;;;
2023;5;6;11;14.6;728.1;769.6;-0.7;18;0;1;;;0;0;;;;;0.0;0.0;0.0;0.0;0.0;50.0;-9.6;;;;;;
2023;5;6;14;19.5;726.1;766.6;-2.0;13;0;1;;;0;0;;;;;0.0;0.0;0.0;0.0;0.0;50.0;-10.1;;;;;;
2023;5;6;17;18.4;725.2;766.0;-0.9;15;0;3;;;0;0;;;;;0.0;0.0;0.0;0.0;0.0;50.0;-9.1;;;;;;
2023;5;6;20;16.0;725.3;766.3;0.1;20;0;1;;;0;0;;;;19.8;0.0;0.0;0.0;0.0;0.0;50.0;-7.0;0.0;12.0;;;;
2023;5;6;23;10.7;725.5;767.4;0.2;33;0;0;;;0;0;;;;;;;;;;;-5.0;;;;;;
2023;5;7;2;6.3;725.5;768.1;0.0;46;0;1;;;0;0;;;;;;;;;;;-4.6;;;;;;
2023;5;7;5;4.0;725.4;768.2;-0.1;57;0;1;;;0;0;;;;;0.0;0.0;0.0;0.0;0.0;;-3.9;;;;;;
2023;5;7;8;6.2;726.8;769.4;1.4;54;0;0;;;0;0;;;3.0;;0.0;0.0;0.0;0.0;;50.0;-2.5;0.0;12.0;;;;
2023;5;7;11;16.4;727.0;768.1;0.2;33;0;2;;;0;0;;;;;0.0;0.0;0.0;0.0;0.0;50.0;0.0;;;;;;
2023;5;7;14;19.5;726.0;766.6;-1.0;29;0;3;;;0;0;;;;;0.0;0.0;0.0;0.0;0.0;50.0;0.7;;;;;;
2023;5;7;17;20.1;724.8;765.1;-1.2;26;0;2;;;0;0;;;;;0.0;0.0;0.0;0.0;0.0;50.0;0.2;;;;;;
2023;5;7;20;17.6;724.6;765.4;-0.2;28;0;2;;;0;0;;;;20.2;0.0;0.0;0.0;0.0;0.0;50.0;-1.3;0.0;12.0;;;;
2023;5;7;23;12.0;725.6;767.3;1.0;30;0;0;;;0;0;;;;;0.0;0.0;0.0;0.0;0.0;;-5.2;;;;;;
2023;5;8;2;6.9;726.1;768.5;0.5;53;0;2;;;0;0;;;;;;;;;;;-2.0;;;;;;
2023;5;8;5;4.1;726.2;769.1;0.1;65;0;1;;;0;0;;;;;;;;;;;-1.9;;;;;;
2023;5;8;8;6.6;726.7;769.3;0.5;50;0;4;;;0;0;;;3.5;;0.0;0.0;0.0;0.0;0.0;50.0;-3.2;0.0;12.0;;;;
2023;5;8;11;15.6;726.5;767.7;-0.2;26;0;2;;;0;0;;;;;0.0;0.0;0.0;0.0;0.0;50.0;-3.7;;;;;;
2023;5;8;14;20.5;724.9;765.3;-1.6;16;0;2;;;0;0;;;;;0.0;0.0;0.0;0.0;0.0;50.0;-6.3;;;;;;
2023;5;8;17;20.3;723.6;763.9;-1.3;19;0;2;;;0;0;;;;;0.0;0.0;0.0;0.0;0.0;50.0;-4.1;;;;;;
2023;5;8;20;14.5;723.6;764.8;0.0;24;0;3;;;0;0;;;;21.7;0.0;0.0;0.0;0.0;0.0;50.0;-6.0;0.0;12.0;;;;
2023;5;8;23;10.4;724.0;765.8;0.4;32;0;3;;;0;0;;;;;0.0;0.0;0.0;0.0;0.0;;-5.9;;;;;;
2023;5;9;2;6.0;723.6;766.0;-0.4;47;0;3;;;0;0;;;;;0.0;0.0;0.0;0.0;0.0;;-4.5;;;;;;
2023;5;9;5;4.4;722.9;765.6;-0.7;51;0;3;;;0;0;;;;;0.0;0.0;0.0;0.0;0.0;;-5.0;;;;;;
2023;5;9;8;7.4;722.8;764.9;-0.1;43;0;3;;;0;0;;;3.9;;0.0;0.0;0.0;0.0;0.0;50.0;-4.6;0.0;12.0;;;;
2023;5;9;11;16.4;721.9;762.6;-0.9;25;0;4;;;0;0;;;;;0.0;0.0;0.0;0.0;0.0;50.0;-4.0;;;;;;
2023;5;9;14;21.2;720.1;760.2;-1.8;18;0;4;;;0;0;;;;;0.0;0.0;0.0;0.0;0.0;50.0;-3.8;;;;;;
2023;5;9;17;22.1;718.4;758.2;-1.7;16;0;2;;;0;0;;;;;0.0;0.0;0.0;0.0;0.0;50.0;-4.6;;;;;;
2023;5;9;20;15.6;718.7;759.4;0.3;27;0;1;;;0;0;;;;22.9;0.0;0.0;0.0;0.0;0.0;50.0;-3.5;0.0;12.0;;;;
2023;5;9;23;10.1;719.4;760.9;0.7;38;0;1;;;0;0;;;;;0.0;0.0;0.0;0.0;0.0;;-3.7;;;;;;
2023;5;10;2;7.0;718.7;760.8;-0.7;48;0;3;;;0;0;;;;;0.0;0.0;0.0;0.0;0.0;;-3.3;;;;;;
2023;5;10;5;6.7;718.0;760.0;-0.7;50;0;4;;;0;0;;;;;0.0;0.0;0.0;;;;-3.1;;;;;;
2023;5;10;8;8.8;717.8;759.5;-0.2;42;0;2;;;0;0;;;6.6;;0.0;0.0;0.0;;;50.0;-3.5;0.0;12.0;;;;
2023;5;10;11;11.9;718.6;759.8;0.8;34;0;2;;;0;0;;;;;0.0;0.0;0.0;;;50.0;-3.7;;;;;;
2023;5;10;14;13.3;718.6;759.5;0.0;46;0;0;;;0;0;0.0;0.0;;;0.0;0.0;0.0;;;20.0;1.9;;;;;;
2023;5;10;17;12.3;718.6;759.7;0.0;73;0;2;;;0;0;0.0;0.0;;;0.0;0.0;0.0;;;20.0;7.5;;;;;;
2023;5;10;20;11.7;718.7;760.0;0.1;77;0;1;;;0;0;0.0;0.0;;13.7;0.0;0.0;0.0;;;20.0;7.7;0.0;12.0;;;;
2023;5;10;23;9.0;718.9;760.5;0.2;90;0;0;;;0;0;0.0;0.0;;;0.0;0.0;0.0;0.0;0.0;;7.4;;;;;;
2023;5;11;2;7.8;721.6;763.6;2.7;72;0;4;;12.0;0;0;0.0;0.0;;;0.0;0.0;0.0;;;;3.0;;;;;;
2023;5;11;5;2.1;724.6;767.8;3.0;87;0;3;;13.0;0;0;0.0;0.0;;;0.0;0.0;0.0;;;10.0;0.1;;;;;;
2023;5;11;8;4.5;726.3;769.1;1.7;75;0;4;;10.0;0;0;0.0;0.0;2.0;;0.0;0.0;0.0;;;20.0;0.4;0.0;12.0;;;;
2023;5;11;11;9.3;726.6;768.7;0.3;51;0;2;;10.0;0;0;;;;;0.0;0.0;0.0;0.0;0.0;20.0;-0.4;;;;;;
2023;5;11;14;11.0;726.1;767.9;-0.5;29;0;3;;;0;0;;;;;0.0;0.0;0.0;0.0;0.0;50.0;-6.6;;;;;;
2023;5;11;17;12.7;724.8;766.3;-1.3;22;0;3;;;0;0;;;;;0.0;0.0;0.0;0.0;0.0;50.0;-8.8;;;;;;
2023;5;11;20;11.3;724.0;765.7;-0.8;22;0;2;;;0;0;;;;13.4;;;;;;50.0;-9.5;0.0;12.0;;;;
2023;5;11;23;7.0;723.5;765.8;-0.5;36;0;2;;;0;0;;;;;;;;;;;-7.2;;;;;;
2023;5;12;2;2.5;721.6;764.5;-1.9;61;0;3;;;0;0;;;;;;;;;;;-4.4;;;;;;
2023;5;12;5;2.0;719.2;762.0;-2.4;61;0;3;;;0;0;;;;;0.0;0.0;0.0;0.0;0.0;50.0;-4.8;;;;;;
2023;5;12;8;6.8;717.1;759.1;-2.1;39;0;3;;;0;0;;;1.8;;0.0;0.0;0.0;0.0;0.0;50.0;-6.3;0.0;12.0;;;;
2023;5;12;11;13.9;715.0;755.8;-2.1;27;0;4;;10.0;0;0;;;;;0.0;0.0;0.0;0.0;0.0;50.0;-4.9;;;;;;
2023;5;12;14;16.1;712.7;753.1;-2.3;24;0;7;12.0;12.0;0;0;;;;;0.0;0.0;0.0;0.0;0.0;50.0;-4.3;;;;;;
2023;5;12;17;17.3;710.5;750.4;-2.2;25;0;6;10.0;11.0;0;0;;;;;0.0;0.0;0.0;0.0;0.0;50.0;-3.1;;;;;;
2023;5;12;20;12.2;709.9;750.7;-0.6;35;0;2;;11.0;0;0;;;;18.1;0.0;0.0;0.0;0.0;0.0;50.0;-2.9;0.0;12.0;;;;
2023;5;12;23;8.8;712.1;753.4;2.2;44;0;1;;;0;0;;;;;0.0;0.0;0.0;;;;-3.0;;;;;;
2023;5;13;2;8.3;715.5;757.0;3.4;75;0;5;11.0;11.0;0;0;0.0;0.0;;;0.0;0.0;0.0;;;;4.1;;;;;;
2023;5;13;5;6.0;716.8;758.8;1.3;86;0;2;;11.0;0;0;0.0;0.0;;;0.0;0.0;0.0;;;20.0;3.8;;;;;;
2023;5;13;8;6.9;717.2;759.1;0.4;75;0;2;;;0;0;0.0;0.0;5.8;;0.0;0.0;0.0;0.0;0.0;50.0;2.8;0.0;12.0;;;;
2023;5;13;11;12.4;716.9;757.9;-0.3;42;0;1;;;0;0;;;;;0.0;0.0;0.0;0.0;;50.0;-0.1;;;;;;
2023;5;13;14;14.3;715.4;756.1;-1.5;27;0;2;;;0;0;;;;;0.0;0.0;0.0;0.0;0.0;50.0;-4.4;;;;;;
2023;5;13;17;14.8;713.3;753.8;-2.1;33;0;3;;;0;0;;;;;0.0;0.0;0.0;0.0;0.0;50.0;-1.3;;;;;;
2023;5;13;20;7.2;715.0;756.8;1.7;69;0;4;;13.0;0;0;0.0;0.0;;15.7;0.0;0.0;0.0;;;20.0;1.8;0.0;12.0;;;;
2023;5;13;23;4.3;715.9;758.2;0.9;75;0;2;;;0;0;;;;;0.0;0.0;0.0;;;;0.2;;;;;;
2023;5;14;2;1.1;716.5;759.3;0.6;89;0;1;;;0;0;0.0;0.0;;;0.0;0.0;0.0;;;;-0.5;;;;;;
2023;5;14;5;1.4;716.5;759.2;0.0;89;0;2;;;0;0;0.0;0.0;;;0.0;0.0;0.0;;;10.0;-0.2;;;;;;
2023;5;14;8;2.1;717.2;759.9;0.7;83;0;2;;;0;0;0.0;0.0;0.8;;0.0;0.0;0.0;;;20.0;-0.5;0.0;12.0;;;;
2023;5;14;11;0.4;718.7;761.8;1.5;82;0;3;;;0;0;0.0;0.0;0.4;;0.0;0.0;0.0;;;4.0;-2.3;;;;;;
2023;5;14;14;5.0;718.3;760.6;-0.4;47;0;3;;;0;0;0.0;0.0;;;0.0;0.0;0.0;0.0;0.0;50.0;-5.4;;;;;;
2023;5;14;17;4.9;717.5;759.8;-0.8;53;0;3;;10.0;0;0;0.0;0.0;;;0.0;0.0;0.0;0.0;0.0;50.0;-4.1;;;;;;
2023;5;14;20;5.8;716.8;758.9;-0.7;38;0;1;;;0;0;0.0;0.0;;6.6;0.0;0.0;0.0;0.0;0.0;50.0;-7.6;0.0;12.0;;;;
2023;5;14;23;2.2;716.7;759.4;-0.1;55;0;1;;;0;0;;;;;;;;;;;-6.0;;;;;;
2023;5;15;2;0.2;716.0;758.9;-0.7;74;0;2;;;0;0;;;;;;;;;;;-3.9;;;;;;
2023;5;15;5;-0.8;714.6;757.6;-1.4;75;0;1;;;0;0;;;;;0.0;0.0;0.0;0.0;0.0;50.0;-4.7;;;;;;
2023;5;15;8;2.0;713.5;756.0;-1.1;59;0;2;;;0;0;;;-1.1;;0.0;0.0;0.0;0.0;;50.0;-5.2;0.0;12.0;;;;
2023;5;15;11;8.4;711.6;753.0;-1.9;32;0;2;;;0;0;;;;;0.0;0.0;0.0;0.0;0.0;50.0;-7.4;;;;;;
2023;5;15;14;10.4;710.9;751.9;-0.7;27;0;5;;;0;0;;;;;0.0;0.0;0.0;0.0;0.0;50.0;-8.0;;;;;;
2023;5;15;17;11.7;710.2;751.0;-0.7;27;0;5;;;0;0;;;;;0.0;0.0;0.0;0.0;0.0;50.0;-6.7;;;;;;
2023;5;15;20;8.5;710.9;752.2;0.7;37;0;3;;;0;0;;;;11.8;0.0;0.0;0.0;0.0;0.0;50.0;-5.6;0.0;12.0;;;;
2023;5;15;23;4.2;712.6;754.7;1.7;44;0;2;;;0;0;;;;;;;;;;;-7.1;;;;;;
2023;5;16;2;2.6;713.8;756.3;1.2;50;0;1;;;0;0;;;;;0.0;0.0;0.0;0.0;0.0;;-6.8;;;;;;
2023;5;16;5;0.9;715.5;758.3;1.7;67;0;1;;;0;0;;;;;0.0;0.0;0.0;0.0;0.0;50.0;-4.6;;;;;;
2023;5;16;8;5.3;717.4;759.7;1.9;48;0;1;;;0;0;;;0.8;;0.0;0.0;0.0;0.0;0.0;50.0;-4.8;0.0;12.0;;;;
2023;5;16;11;12.7;717.8;758.9;0.4;24;0;2;;;0;0;;;;;0.0;0.0;0.0;0.0;0.0;50.0;-7.4;;;;;;
2023;5;16;14;15.3;716.8;757.5;-1.0;20;0;2;;;0;0;;;;;0.0;0.0;0.0;0.0;0.0;50.0;-7.7;;;;;;
2023;5;16;17;15.6;715.9;756.4;-0.9;20;0;2;;;0;0;;;;;0.0;0.0;0.0;0.0;0.0;50.0;-7.2;;;;;;
2023;5;16;20;14.3;716.2;757.0;0.3;20;0;1;;;0;0;;;;17.1;0.0;0.0;0.0;0.0;0.0;50.0;-8.3;0.0;12.0;;;;
2023;5;16;23;10.0;;;;30;0;1;;;0;0;;;;;;;0.0;;;;-6.8;;;;;;
2023;5;17;2;6.5;716.8;758.8;;42;0;2;;;0;0;;;;;0.0;0.0;0.0;0.0;0.0;;-5.5;;;;;;
2023;5;17;5;4.4;716.2;758.5;-0.6;54;0;1;;;0;0;;;;;0.0;0.0;0.0;0.0;0.0;50.0;-4.1;;;;;;
2023;5;17;8;7.5;716.1;757.9;-0.1;48;0;2;;;0;0;;;3.6;;;;;;;50.0;-3.0;0.0;12.0;;;;
2023;5;17;11;16.6;715.4;755.8;-0.7;21;0;1;;;0;0;;;;;;;;;;50.0;-6.0;;;;;;
2023;5;17;14;19.5;713.9;753.8;-1.5;18;0;2;;;0;0;;;;;0.0;0.0;0.0;0.0;0.0;50.0;-5.5;;;;;;
2023;5;17;17;19.1;712.7;752.6;-1.2;15;0;1;;;0;0;;;;;0.0;0.0;0.0;0.0;0.0;50.0;-8.2;;;;;;
2023;5;17;20;17.1;712.3;752.5;-0.4;19;0;2;;;0;0;;;;20.1;0.0;0.0;0.0;0.0;0.0;50.0;-6.8;0.0;12.0;;;;
2023;5;17;23;14.4;713.0;753.6;0.7;25;0;2;;;0;0;;;;;0.0;0.0;0.0;0.0;0.0;;-5.3;;;;;;
2023;5;18;2;5.7;715.6;757.6;2.6;70;0;5;13.0;16.0;0;0;0.0;0.0;;;0.0;0.0;0.0;;;;0.5;;;;;;
2023;5;18;5;2.3;718.2;760.9;2.6;79;0;4;;16.0;0;0;0.0;0.0;;;0.0;0.0;0.0;;;10.0;-1.0;;;;;;
2023;5;18;8;1.1;719.4;762.4;1.2;87;0;3;;;0;0;0.0;0.0;1.1;;0.0;0.0;0.0;;;4.0;-0.8;0.0;12.0;;;;
2023;5;18;11;3.1;720.0;762.7;0.6;83;0;1;;;0;0;0.0;0.0;1.0;;0.0;0.0;0.0;;;50.0;0.5;;;;;;
2023;5;18;14;7.8;719.5;761.5;-0.5;47;0;3;;;0;0;0.0;0.0;;;0.0;0.0;0.0;;;50.0;-2.9;;;;;;
2023;5;18;17;9.9;718.6;760.2;-0.9;30;0;3;;;0;0;;;;;0.0;0.0;0.0;0.0;0.0;50.0;-7.1;;;;;;
2023;5;18;20;7.6;719.3;761.2;0.7;45;0;4;;11.0;0;0;0.0;0.0;;10.8;0.0;0.0;0.0;0.0;0.0;50.0;-3.6;0.0;12.0;;;;
2023;5;18;23;3.6;720.6;763.2;1.3;63;0;3;;10.0;0;0;;;;;0.0;0.0;0.0;0.0;0.0;;-2.9;;;;;;
2023;5;19;2;2.8;720.7;763.4;0.1;72;0;3;;;0;0;0.0;0.0;;;0.0;0.0;0.0;;;;-1.8;;;;;;
2023;5;19;5;2.9;720.2;763.0;-0.5;74;0;3;;;0;0;0.0;0.0;;;0.0;0.0;0.0;;;20.0;-1.3;;;;;;
2023;5;19;8;2.9;720.6;763.3;0.4;76;0;3;;;0;0;0.0;0.0;2.2;;0.0;0.0;0.0;;;20.0;-1.0;0.0;12.0;;;;
2023;5;19;11;3.9;720.4;763.0;-0.2;79;0;4;;11.0;0;0;0.0;0.0;;;0.0;0.0;0.0;;;20.0;0.5;;;;;;
2023;5;19;14;4.8;720.7;763.1;0.3;76;0;4;11.0;11.0;0;0;0.0;0.0;;;0.0;0.0;0.0;;;20.0;0.8;;;;;;
2023;5;19;17;3.0;721.6;764.4;0.9;86;0;5;11.0;13.0;0;0;0.0;0.0;;;0.0;0.0;0.0;;;10.0;0.9;;;;;;
2023;5;19;20;3.0;723.0;765.9;1.4;86;0;5;10.0;13.0;0;0;0.0;0.0;;5.0;0.0;0.0;0.0;;;10.0;0.8;0.0;12.0;;;;
2023;5;19;23;2.6;723.7;766.6;0.7;87;0;4;;12.0;0;0;0.0;0.0;;;0.0;0.0;0.0;;;;0.7;;;;;;
2023;5;20;2;2.3;723.9;766.9;0.2;89;0;3;;11.0;0;0;0.0;0.0;;;0.0;0.0;0.0;;;;0.6;;;;;;
2023;5;20;5;0.2;724.6;768.1;0.7;93;0;2;;;0;0;0.0;0.0;;;0.0;0.0;0.0;;;0.5;-0.8;;;;;;
2023;5;20;8;1.6;726.0;769.2;1.4;91;0;3;;10.0;0;0;0.0;0.0;0.2;;0.0;0.0;0.0;;;10.0;0.2;0.0;12.0;;;0.0;4.0
2023;5;20;11;4.9;727.1;769.9;1.1;83;0;2;;;0;0;0.0;0.0;;;0.0;0.0;0.0;;;20.0;2.2;;;;;;
2023;5;20;14;10.0;727.0;769.0;-0.1;63;0;3;;;0;0;0.0;0.0;;;0.0;0.0;0.0;0.0;0.0;50.0;3.1;;;;;;
2023;5;20;17;12.1;726.7;768.3;-0.3;50;0;2;;;0;0;;;;;0.0;0.0;0.0;0.0;0.0;50.0;1.8;;;;;;
2023;5;20;20;11.7;727.0;768.7;0.3;51;0;1;;;0;0;;;;14.3;0.0;0.0;0.0;0.0;0.0;50.0;1.9;0.0;12.0;;;;
2023;5;20;23;6.7;727.9;770.5;0.9;67;0;1;;;0;0;;;;;;;;;;;1.0;;;;;;
2023;5;21;2;3.8;728.2;771.2;0.3;82;0;1;;;0;0;;;;;;;;;;;0.9;;;;;;
2023;5;21;5;1.9;727.9;771.3;-0.3;89;0;1;;;0;0;;;;;0.0;0.0;0.0;0.0;0.0;50.0;0.3;;;;;;
2023;5;21;8;5.9;727.9;770.7;0.0;69;0;2;;;0;0;;;1.1;;0.0;0.0;0.0;0.0;0.0;50.0;0.5;0.0;12.0;0.0;0.0;;
2023;5;21;11;15.5;727.0;768.2;-0.9;24;0;0;;;0;0;;;;;0.0;0.0;0.0;0.0;0.0;50.0;-5.1;;;;;;
2023;5;21;14;19.4;725.2;765.7;-1.8;24;0;1;;;0;0;;;;;0.0;0.0;0.0;0.0;0.0;50.0;-2.0;;;;;;
2023;5;21;17;20.4;723.4;763.6;-1.8;22;0;3;;;0;0;;;;;0.0;0.0;0.0;0.0;0.0;50.0;-2.2;;;;;;
2023;5;21;20;17.4;722.5;763.3;-0.9;29;0;2;;;0;0;;;;20.7;0.0;0.0;0.0;0.0;0.0;50.0;-1.1;0.0;12.0;;;;
2023;5;21;23;12.3;722.3;763.7;-0.2;41;0;2;;;0;0;;;;;;;;;;;-0.7;;;;;;
2023;5;22;2;8.6;721.2;763.0;-1.1;54;0;3;;;0;0;;;;;;;;;;;-0.4;;;;;;
2023;5;22;5;6.6;719.8;761.8;-1.4;64;0;4;;;0;0;;;;;0.0;0.0;0.0;0.0;0.0;50.0;0.1;;;;;;
2023;5;22;8;11.2;719.0;760.4;-0.8;47;0;2;;;0;0;;;6.5;;0.0;0.0;0.0;0.0;0.0;50.0;0.3;0.0;12.0;0.0;4.0;;
2023;5;22;11;19.5;718.0;758.1;-1.0;26;0;1;;;0;0;;;;;0.0;0.0;0.0;0.0;0.0;50.0;-0.5;;;;;;
2023;5;22;14;22.4;716.4;756.1;-1.6;16;0;2;;;0;0;;;;;0.0;0.0;0.0;0.0;0.0;50.0;-4.5;;;;;;
2023;5;22;17;20.5;716.2;756.1;-0.2;20;0;2;;;0;0;;;;;0.0;0.0;0.0;;;50.0;-3.5;;;;;;
2023;5;22;20;18.2;716.8;757.0;0.6;28;0;2;;;0;0;;;;22.9;0.0;0.0;0.0;;;50.0;-0.8;0.0;12.0;;;;
2023;5;22;23;14.2;716.5;757.3;-0.3;40;0;0;;;0;0;;;;;0.0;0.0;0.0;0.0;;;0.8;;;;;;
2023;5;23;2;9.4;716.1;757.6;-0.4;61;0;1;;;0;0;;;;;0.0;0.0;0.0;0.0;0.0;;2.1;;;;;;
2023;5;23;5;5.9;715.8;757.7;-0.3;73;0;1;;;0;0;;;;;;;;;;50.0;1.4;;;;;;
2023;5;23;8;14.3;716.3;757.0;0.5;38;0;2;;;0;0;;;5.6;;0.0;0.0;0.0;0.0;0.0;50.0;0.1;0.0;12.0;0.0;4.0;;
2023;5;23;11;19.0;716.0;756.1;-0.3;28;0;4;;;0;0;;;;;0.0;0.0;0.0;0.0;0.0;50.0;0.0;;;;;;
2023;5;23;14;20.2;714.7;754.6;-1.3;25;0;4;;10.0;0;0;;;;;0.0;0.0;0.0;0.0;0.0;50.0;-0.4;;;;;;
2023;5;23;17;18.2;714.5;754.6;-0.2;33;0;3;;11.0;0;0;0.0;0.0;;;0.0;0.0;0.0;0.0;0.0;50.0;1.6;;;;;;
2023;5;23;20;16.9;714.4;754.6;-0.1;29;0;4;;10.0;0;0;0.0;0.0;;21.0;0.0;0.0;0.0;0.0;0.0;50.0;-1.5;0.0;12.0;;;;
2023;5;23;23;12.3;715.1;756.1;0.7;45;0;2;;;0;0;;;;;0.0;0.0;0.0;0.0;0.0;;0.7;;;;;;
2023;5;24;2;8.4;714.1;755.6;-1.0;59;0;0;;;0;0;;;;;0.0;0.0;0.0;0.0;0.0;;0.8;;;;;;
2023;5;24;5;7.7;712.7;754.2;-1.4;62;0;2;;;0;0;;;;;0.0;0.0;0.0;;;50.0;0.9;;;;;;
2023;5;24;8;10.6;711.7;752.7;-1.0;54;0;0;;;0;0;;;7.0;;0.0;0.0;0.0;0.0;0.0;50.0;1.6;0.0;12.0;0.0;6.0;;
2023;5;24;11;13.9;711.2;751.7;-0.5;38;0;2;;;0;0;;;;;0.0;0.0;0.0;;;50.0;-0.4;;;;;;
2023;5;24;14;5.7;713.5;755.4;2.3;83;0;4;12.0;18.0;0;0;0.0;0.0;;;0.0;0.0;0.0;;;10.0;3.0;;;;;;
2023;5;24;17;6.9;715.5;757.3;2.0;74;0;2;;;0;0;0.0;0.0;;;0.0;0.0;0.0;0.0;0.0;20.0;2.6;;;;;;
2023;5;24;20;8.0;715.9;757.6;0.4;59;0;1;;;0;0;0.0;0.0;;15.8;0.0;0.0;0.0;0.0;0.0;50.0;0.4;0.0;12.0;;;;
2023;5;24;23;6.0;717.1;759.2;1.2;62;0;2;;;0;0;;;;;0.0;0.0;0.0;0.0;0.0;;-0.9;;;;;;
2023;5;25;2;3.1;717.9;760.5;0.8;77;0;2;;;0;0;;;;;0.0;0.0;0.0;0.0;0.0;;-0.5;;;;;;
2023;5;25;5;2.6;718.8;761.5;0.9;77;0;2;;;0;0;;;;;0.0;0.0;0.0;0.0;;50.0;-1.1;;;;;;
2023;5;25;8;4.6;719.4;761.8;0.6;62;0;2;;;0;0;;;2.2;;0.0;0.0;0.0;0.0;0.0;50.0;-2.2;0.0;12.0;0.0;0.0;;
2023;5;25;11;8.0;719.0;760.9;-0.4;44;0;3;;;0;0;;;;;0.0;0.0;0.0;0.0;0.0;50.0;-3.6;;;;;;
2023;5;25;14;10.1;718.3;759.8;-0.7;39;0;2;;;0;0;0.0;0.0;;;0.0;0.0;0.0;0.0;0.0;50.0;-3.2;;;;;;
2023;5;25;17;13.0;717.5;758.6;-0.8;22;0;4;;;0;0;0.0;0.0;;;0.0;0.0;0.0;0.0;0.0;50.0;-8.2;;;;;;
2023;5;25;20;11.4;718.0;759.3;0.5;24;0;2;;;0;0;0.0;0.0;;13.4;0.0;0.0;0.0;0.0;0.0;50.0;-8.6;0.0;12.0;;;;
2023;5;25;23;7.3;718.8;760.7;0.8;50;0;1;;;0;0;;;;;0.0;0.0;0.0;;;;-2.5;;;;;;
2023;5;26;2;7.2;719.1;761.1;0.3;54;0;3;;;0;0;;;;;0.0;0.0;0.0;;;;-1.7;;;;;;
2023;5;26;5;7.6;719.0;760.9;-0.1;43;0;2;;14.0;0;0;0.0;0.0;;;0.0;0.0;0.0;;;50.0;-4.2;;;;;;
2023;5;26;8;6.1;719.8;762.1;0.8;62;0;2;;;0;0;0.0;0.0;5.8;;0.0;0.0;0.0;;;50.0;-0.8;0.0;12.0;0.0;6.0;;
2023;5;26;11;9.0;719.8;761.5;0.0;52;0;3;;;0;0;0.0;0.0;;;0.0;0.0;0.0;;;50.0;-0.4;;;;;;
2023;5;26;14;8.3;720.4;762.2;0.6;62;0;2;;;0;0;0.0;0.0;;;0.0;0.0;0.0;;;50.0;1.3;;;;;;
2023;5;26;17;11.8;720.5;761.9;0.1;48;0;3;;;0;0;;;;;0.0;0.0;0.0;0.0;0.0;50.0;1.1;;;;;;
2023;5;26;20;10.2;720.9;762.5;0.4;53;0;2;;;0;0;;;;12.0;0.0;0.0;0.0;0.0;0.0;50.0;1.0;0.0;12.0;;;;
2023;5;26;23;6.4;722.2;764.5;1.3;68;0;1;;;0;0;;;;;0.0;0.0;0.0;0.0;0.0;;0.9;;;;;;
2023;5;27;2;4.1;722.6;765.2;0.4;81;0;1;;;0;0;;;;;;;;;;;1.1;;;;;;
2023;5;27;5;1.2;723.0;766.1;0.4;82;0;1;;;0;0;;;;;0.0;0.0;0.0;;;50.0;-1.5;;;;;;
2023;5;27;8;4.5;723.6;766.2;0.6;82;0;1;;;0;0;;;1.2;;0.0;0.0;0.0;;;20.0;1.7;0.0;12.0;0.0;1.0;;
2023;5;27;11;5.4;724.0;766.6;0.4;79;0;1;;;0;0;;;;;0.0;0.0;0.0;;;20.0;2.0;;;;;;
2023;5;27;14;10.0;723.4;765.2;-0.6;58;0;1;;;0;0;;;;;0.0;0.0;0.0;0.0;;20.0;2.1;;;;;;
2023;5;27;17;13.6;722.6;763.9;-0.8;34;0;1;;;0;0;;;;;0.0;0.0;0.0;0.0;0.0;50.0;-1.9;;;;;;
2023;5;27;20;12.9;722.8;764.2;0.2;33;0;0;;;0;0;;;;14.3;0.0;0.0;0.0;0.0;0.0;50.0;-3.1;0.0;12.0;;;;
2023;5;27;23;9.2;723.5;765.4;0.7;59;0;1;;;0;0;;;;;0.0;0.0;0.0;0.0;0.0;;1.6;;;;;;
2023;5;28;2;6.1;723.4;765.9;-0.1;69;0;1;;;0;0;;;;;0.0;0.0;0.0;0.0;0.0;;0.7;;;;;;
2023;5;28;5;5.2;723.9;766.5;0.5;74;0;1;;;0;0;;;;;0.0;0.0;0.0;;;50.0;0.8;;;;;;
2023;5;28;8;8.2;725.1;767.2;1.2;60;0;0;;;0;0;;;5.2;;0.0;0.0;0.0;0.0;0.0;50.0;0.8;0.0;12.0;0.0;4.0;;
2023;5;28;11;14.9;725.1;766.3;0.0;40;0;0;;;0;0;;;;;0.0;0.0;0.0;0.0;0.0;50.0;1.3;;;;;;
2023;5;28;14;16.9;724.5;765.4;-0.6;30;0;1;;;0;0;;;;;0.0;0.0;0.0;0.0;0.0;50.0;-0.7;;;;;;
2023;5;28;17;18.3;724.3;765.0;-0.2;24;0;2;;;0;0;;;;;0.0;0.0;0.0;0.0;0.0;50.0;-2.7;;;;;;
2023;5;28;20;16.6;724.5;765.4;0.2;26;0;1;;;0;0;;;;18.6;;;;;;50.0;-3.2;0.0;12.0;;;;
2023;5;28;23;12.0;725.5;767.1;1.0;40;0;1;;;0;0;;;;;;;;;;;-1.2;;;;;;
2023;5;29;2;7.7;725.8;768.1;0.3;58;0;2;;;0;0;;;;;0.0;0.0;0.0;0.0;0.0;;-0.1;;;;;;
2023;5;29;5;4.6;725.3;768.1;-0.5;69;0;2;;;0;0;;;;;0.0;0.0;0.0;0.0;0.0;50.0;-0.6;;;;;;
2023;5;29;8;9.5;724.9;766.9;-0.4;51;0;0;;;0;0;;;4.4;;0.0;0.0;0.0;0.0;0.0;50.0;-0.1;0.0;12.0;0.0;4.0;;
2023;5;29;11;18.7;723.5;764.1;-1.4;26;0;2;;;0;0;;;;;0.0;0.0;0.0;0.0;0.0;50.0;-1.5;;;;;;
2023;5;29;14;21.9;721.7;761.7;-1.8;19;0;4;;;0;0;;;;;0.0;0.0;0.0;0.0;0.0;50.0;-2.7;;;;;;
2023;5;29;17;23.7;719.9;759.6;-1.8;19;0;2;;;0;0;;;;;0.0;0.0;0.0;0.0;0.0;50.0;-1.1;;;;;;
2023;5;29;20;19.5;719.4;759.6;-0.5;25;0;2;;;0;0;;;;23.8;0.0;0.0;0.0;0.0;0.0;50.0;-1.0;0.0;12.0;;;;
2023;5;29;23;13.7;719.3;760.3;-0.1;37;0;1;;;0;0;;;;;0.0;0.0;0.0;0.0;0.0;;-0.9;;;;;;
2023;5;30;2;10.6;718.0;759.4;-1.3;52;0;1;;;0;0;;;;;0.0;0.0;0.0;0.0;0.0;;1.1;;;;;;
2023;5;30;5;9.1;716.5;758.1;-1.5;67;0;1;;;0;0;;;;;0.0;0.0;0.0;;;50.0;3.2;;;;;;
2023;5;30;8;12.7;715.7;756.7;-0.8;43;0;1;;;0;0;0.0;0.0;9.0;;0.0;0.0;0.0;0.0;0.0;50.0;0.4;0.0;12.0;0.0;10.0;;
2023;5;30;11;17.8;715.3;755.5;-0.4;32;0;2;;;0;0;;;;;0.0;0.0;0.0;0.0;;50.0;0.6;;;;;;
2023;5;30;14;18.8;715.3;755.4;0.0;28;0;2;;;0;0;;;;;0.0;0.0;0.0;0.0;;50.0;-0.3;;;;;;
2023;5;30;17;18.1;715.9;756.1;0.6;33;0;4;;10.0;0;0;;;;;0.0;0.0;0.0;0.0;;20.0;1.3;;;;;;
2023;5;30;20;13.3;717.2;758.1;1.3;60;0;3;;10.0;0;0;;;;21.7;0.0;0.0;0.0;;;20.0;5.6;0.0;12.0;;;;
2023;5;30;23;10.8;717.4;758.8;0.2;78;0;2;;;0;0;0.0;0.0;;;0.0;0.0;0.0;;;;7.1;;;;;;
2023;5;31;2;9.6;717.5;759.0;0.1;90;0;1;;;0;0;0.0;0.0;;;0.0;0.0;0.0;;;;8.1;;;;;;
2023;5;31;5;9.4;717.0;758.5;-0.5;90;0;2;;;0;0;0.0;0.0;;;0.0;0.0;0.0;;;20.0;7.9;;;;;;
2023;5;31;8;10.0;717.2;758.5;0.2;87;0;2;;;0;0;0.0;0.0;9.2;;0.0;0.0;0.0;;;20.0;7.9;0.0;12.0;0.0;11.0;;
2023;5;31;11;11.2;718.1;759.4;0.9;83;0;2;;;0;0;;;;;0.0;0.0;0.0;;;10.0;8.3;;;;;;
2023;5;31;14;12.8;718.8;759.9;0.7;66;0;4;;;0;0;;;;;0.0;0.0;0.0;;;50.0;6.6;;;;;;
2023;5;31;17;12.9;719.1;760.2;0.3;69;0;3;;;0;0;;;;;0.0;0.0;0.0;;;50.0;7.3;;;;;;
2023;5;31;20;12.6;719.5;760.6;0.4;73;0;1;;;0;0;;;;13.3;0.0;0.0;0.0;;;50.0;7.9;0.0;12.0;;;;
2023;5;31;23;11.1;719.7;761.0;0.2;76;0;0;;;0;0;;;;;0.0;0.0;0.0;;;;7.0;;;;;;
2023;6;1;2;8.6;719.9;761.7;0.2;84;0;0;;;0;0;;;;;0.0;0.0;0.0;0.0;0.0;;6.0;;;;;;
2023;6;1;5;7.7;721.0;762.9;1.1;87;0;1;;;0;0;;;;;0.0;0.0;0.0;0.0;0.0;50.0;5.7;;;;;;
2023;6;1;8;14.0;721.9;763.0;0.9;57;0;4;;;0;0;;;7.3;;0.0;0.0;0.0;0.0;0.0;50.0;5.6;0.0;12.0;0.0;7.0;;
2023;6;1;11;17.8;722.2;762.7;0.3;45;0;3;;;0;0;;;;;0.0;0.0;0.0;0.0;0.0;50.0;5.6;;;;;;
2023;6;1;14;20.8;721.3;761.5;-0.9;30;0;3;;;0;0;;;;;0.0;0.0;0.0;0.0;0.0;50.0;2.7;;;;;;
2023;6;1;17;22.0;720.6;760.5;-0.7;23;0;3;;;0;0;;;;;0.0;0.0;0.0;0.0;0.0;50.0;-0.1;;;;;;
2023;6;1;20;15.9;722.0;762.8;1.4;46;0;2;;11.0;0;0;;;;22.4;0.0;0.0;0.0;0.0;0.0;50.0;4.1;0.0;12.0;;;;
2023;6;1;23;12.3;723.4;764.8;1.4;66;0;2;;;0;0;;;;;0.0;0.0;0.0;0.0;0.0;;6.1;;;;;;
2023;6;2;2;10.6;724.0;765.7;0.6;71;0;1;;;0;0;;;;;0.0;0.0;0.0;0.0;0.0;;5.5;;;;;;
2023;6;2;5;8.9;724.2;766.2;0.2;82;0;0;;;0;0;;;;;0.0;0.0;0.0;0.0;;50.0;5.9;;;;;;
2023;6;2;8;11.6;725.0;766.6;0.8;68;0;1;;;0;0;;;8.1;;0.0;0.0;0.0;0.0;;50.0;5.9;0.0;12.0;0.0;8.0;;
2023;6;2;11;16.3;725.3;766.3;0.3;53;0;2;;;0;0;0.0;0.0;;;0.0;0.0;0.0;0.0;;20.0;6.7;;;;;;
2023;6;2;14;20.2;723.7;763.9;-1.6;36;0;1;;;0;0;0.0;0.0;;;0.0;0.0;0.0;0.0;0.0;50.0;4.6;;;;;;
2023;6;2;17;18.6;723.6;764.1;-0.1;36;0;1;;;0;0;0.0;0.0;;;0.0;0.0;0.0;0.0;0.0;50.0;3.3;;;;;;
2023;6;2;20;17.0;723.5;764.2;-0.1;46;0;1;;;0;0;0.0;0.0;;21.3;0.0;0.0;0.0;0.0;0.0;50.0;5.3;0.0;12.0;;;;
2023;6;2;23;12.9;723.9;765.2;0.4;63;0;1;;;0;0;;;;;0.0;0.0;0.0;0.0;0.0;;5.9;;;;;;
2023;6;3;2;9.2;723.8;765.7;-0.1;82;0;1;;;0;0;;;;;0.0;0.0;0.0;0.0;0.0;;6.2;;;;;;
2023;6;3;5;9.2;723.4;765.2;-0.4;80;0;0;;;0;0;;;;;0.0;0.0;0.0;0.0;;50.0;5.8;;;;;;
2023;6;3;8;11.4;723.5;765.1;0.1;71;0;1;;;0;0;0.0;0.0;8.9;;0.0;0.0;0.0;;;20.0;6.2;0.0;12.0;0.0;9.0;;
2023;6;3;11;12.2;723.3;764.7;-0.2;88;0;0;;;0;0;0.0;0.0;;;0.0;0.0;0.0;;;10.0;10.2;;;;;;
2023;6;3;14;12.8;721.8;763.0;-1.5;88;0;1;;;0;0;0.0;0.0;;;0.0;0.0;0.0;;;10.0;10.9;;;;;;
2023;6;3;17;13.3;722.1;763.2;0.3;91;0;0;;;0;0;0.0;0.0;;;0.0;0.0;0.0;;;4.0;11.9;;;;;;
2023;6;3;20;13.3;721.9;763.0;-0.2;93;0;0;;;0;0;0.0;0.0;;13.4;0.0;0.0;0.0;;;4.0;12.2;0.0;12.0;;;;
2023;6;3;23;13.4;722.2;763.2;0.3;94;0;2;;;0;0;0.0;0.0;;;0.0;0.0;0.0;;;;12.4;;;;;;
